date,economy_ref,finance_ref,intervention_ref,intervention_spending_ref,intervention_support_ref,intervention_tax_cut_ref,reform_innovation_ref,reform_market_ref,reform_ref,regulation_ref
2013-03-24,0.2982107355864811,0.0,0.1988071570576541,0.0,0.1988071570576541,0.0,0.0,8.05168986083499,0.8946322067594433,1.6898608349900597
2013-03-31,1.1221945137157108,0.2493765586034913,0.2493765586034913,0.0,0.2493765586034913,0.0,0.2493765586034913,4.8628428927680805,0.8728179551122194,0.6234413965087282
2013-04-07,0.234192037470726,0.468384074941452,0.5854800936768151,0.0,0.5854800936768151,0.0,0.936768149882904,2.927400468384075,2.2248243559718968,1.873536299765808
2013-04-14,0.2631578947368421,0.0,0.5263157894736842,0.0,0.2631578947368421,0.2631578947368421,0.0,3.947368421052632,0.9210526315789472,0.5263157894736842
2013-04-21,2.247191011235955,0.2808988764044944,0.4213483146067416,0.0,0.2808988764044944,0.1404494382022472,0.4213483146067416,3.7921348314606735,1.544943820224719,0.7022471910112359
2013-04-28,0.12658227848101267,0.0,0.0,0.0,0.0,0.0,0.0,3.79746835443038,0.6329113924050633,0.7594936708860759
2013-05-05,0.0,0.0,0.0,0.0,0.0,0.0,0.0,0.0,0.0,0.0
2013-05-12,0.3972758229284904,0.340522133938706,0.4540295119182747,0.056753688989784334,0.3972758229284904,0.0,0.2837684449489217,3.6889897843359822,1.7593643586833143,1.135073779795687
2013-05-19,2.4600246002460024,0.0,0.7380073800738007,0.0,0.7380073800738007,0.0,0.4920049200492005,2.7060270602706034,0.24600246002460024,0.24600246002460024
2013-05-26,0.0,0.0,0.0,0.0,0.0,0.0,0.0,0.0,0.0,0.0
2013-06-02,0.5694760820045558,0.0,0.2277904328018223,0.0,0.2277904328018223,0.0,0.0,2.8473804100227786,1.2528473804100226,2.277904328018223
2013-06-09,0.3355704697986577,0.0,0.0,0.0,0.0,0.0,0.16778523489932887,4.194630872483222,0.5033557046979865,1.342281879194631
2013-06-16,0.5605381165919282,0.336322869955157,0.8968609865470852,0.0,0.8968609865470852,0.0,0.2242152466367713,2.3542600896860986,1.0089686098654709,0.4484304932735426
2013-06-23,1.3840830449826989,2.65282583621684,2.0761245674740483,0.0,2.0761245674740483,0.0,0.46136101499423293,2.5374855824682814,1.8454440599769317,0.8073817762399077
2013-06-30,1.0256410256410255,0.5128205128205128,1.282051282051282,0.0,1.282051282051282,0.0,0.1282051282051282,4.615384615384616,0.5128205128205128,0.2564102564102564
2013-07-07,1.083032490974729,0.0,0.0,0.0,0.0,0.0,0.2406738868832732,4.813477737665464,1.444043321299639,1.444043321299639
2013-07-14,1.5873015873015872,0.11337868480725626,1.2471655328798186,0.0,1.2471655328798186,0.0,0.453514739229025,3.1746031746031744,1.1337868480725624,0.5668934240362812
2013-07-21,0.0,0.0,0.0,0.0,0.0,0.0,0.0,0.0,0.0,0.0
2013-07-28,0.5050505050505051,0.5050505050505051,1.414141414141414,0.0,1.414141414141414,0.0,0.202020202020202,3.737373737373737,1.1111111111111112,0.202020202020202
2013-08-04,0.11001100110011,0.11001100110011,1.32013201320132,1.1001100110011002,0.22002200220022,0.0,0.11001100110011,4.07040704070407,0.44004400440044,0.44004400440044
2013-08-11,0.0,0.0,0.0,0.0,0.0,0.0,0.0,0.0,0.0,0.0
2013-08-18,0.09107468123861566,0.0,0.7285974499089253,0.09107468123861566,0.6375227686703097,0.0,0.27322404371584696,3.0054644808743167,0.6375227686703097,0.3642987249544625
2013-08-25,0.12970168612191954,0.0,0.0,0.0,0.0,0.0,0.25940337224383914,2.8534370946822314,0.9079118028534372,2.464332036316472
2013-09-01,0.5813953488372093,1.3953488372093024,1.2790697674418603,0.11627906976744184,1.162790697674419,0.0,0.11627906976744184,3.0232558139534884,1.162790697674419,0.9302325581395348
2013-09-08,0.3393665158371041,0.11312217194570134,2.7149321266968327,0.0,2.7149321266968327,0.0,0.22624434389140274,4.1855203619909505,1.1312217194570136,1.1312217194570136
2013-09-15,0.0,0.0,0.0,0.0,0.0,0.0,0.0,0.0,0.0,0.0
2013-09-22,0.3504672897196261,0.0,0.2336448598130841,0.0,0.2336448598130841,0.0,0.0,3.738317757009345,0.11682242990654206,1.1682242990654206
2013-09-29,0.4305705059203444,0.0,0.4305705059203444,0.0,0.4305705059203444,0.0,0.1076426264800861,3.3369214208826694,0.4305705059203444,1.829924650161464
2013-10-06,0.0,0.0,0.0,0.0,0.0,0.0,0.0,0.0,0.0,0.0
2013-10-13,0.0,0.11806375442739077,0.3541912632821724,0.11806375442739077,0.2361275088547816,0.0,0.2361275088547816,2.9515938606847696,0.5903187721369539,1.4167650531286895
2013-10-20,2.2093023255813957,0.11627906976744184,0.6976744186046512,0.0,0.5813953488372093,0.11627906976744184,0.3488372093023256,4.418604651162791,1.8604651162790695,0.3488372093023256
2013-10-27,0.3440366972477065,0.0,0.22935779816513766,0.0,0.22935779816513766,0.0,0.6880733944954129,3.89908256880734,1.834862385321101,1.6055045871559634
2013-11-03,0.7918552036199095,0.0,0.22624434389140274,0.0,0.22624434389140274,0.0,0.11312217194570134,3.0542986425339365,0.3393665158371041,1.3574660633484164
2013-11-10,0.0,0.0,0.0,0.0,0.0,0.0,0.0,0.0,0.0,0.0
2013-11-17,0.5115089514066496,0.1278772378516624,0.639386189258312,0.0,0.639386189258312,0.0,0.2557544757033248,1.1508951406649617,6.265984654731457,0.8951406649616368
2013-11-24,0.6960556844547563,0.0,0.2320185614849188,0.0,0.1160092807424594,0.1160092807424594,0.580046403712297,4.640371229698376,1.160092807424594,2.436194895591647
2013-12-01,0.0,0.0,0.0,0.0,0.0,0.0,0.0,0.0,0.0,0.0
2013-12-08,0.10427528675703858,0.0,0.2085505735140772,0.0,0.10427528675703858,0.10427528675703858,0.0,2.9197080291970803,1.6684045881126173,1.2513034410844628
2013-12-15,0.0,0.0,0.0,0.0,0.0,0.0,0.0,0.0,0.0,0.0
2013-12-22,0.3314917127071823,0.11049723756906077,0.2209944751381216,0.0,0.2209944751381216,0.0,0.11049723756906077,4.640883977900553,0.4419889502762431,0.11049723756906077
2013-12-29,0.3428571428571429,0.0,0.2285714285714286,0.0,0.2285714285714286,0.0,0.2285714285714286,3.6571428571428575,0.2285714285714286,1.1428571428571428
2014-01-05,0.0,0.0,0.0,0.0,0.0,0.0,0.0,0.0,0.0,0.0
2014-01-12,0.0,0.0,0.125,0.0,0.125,0.0,0.0,2.5,0.8750000000000001,3.0
2014-01-19,0.7786429365962181,0.11123470522803114,0.11123470522803114,0.0,0.11123470522803114,0.0,0.22246941045606228,3.4482758620689653,0.3337041156840935,1.334816462736374
2014-01-26,0.5524861878453038,0.11049723756906077,1.6574585635359116,0.11049723756906077,1.5469613259668509,0.0,0.9944751381215468,2.541436464088398,1.6574585635359116,1.3259668508287292
2014-02-02,0.0,0.0,0.0,0.0,0.0,0.0,0.0,0.0,0.0,0.0
2014-02-09,0.2205071664829107,0.0,0.2205071664829107,0.0,0.2205071664829107,0.0,0.33076074972436603,3.0871003307607494,0.5512679162072767,1.2127894156560088
2014-02-16,0.11806375442739077,0.0,0.4722550177095631,0.11806375442739077,0.3541912632821724,0.0,0.11806375442739077,2.479338842975207,0.4722550177095631,2.125147579693034
2014-02-23,0.0,0.0,0.0,0.0,0.0,0.0,0.0,0.0,0.0,0.0
2014-03-02,0.5025125628140703,0.0,1.1306532663316584,0.12562814070351758,1.0050251256281406,0.0,0.25125628140703515,0.12562814070351758,0.8793969849246231,1.884422110552764
2014-03-09,0.0,0.0,0.0,0.0,0.0,0.0,0.0,0.0,0.0,0.0
2014-03-16,0.0,0.0,0.0,0.0,0.0,0.0,0.0,0.0,0.0,0.0
2014-03-23,0.43859649122807015,0.0,0.0,0.0,0.0,0.0,0.0,4.385964912280701,0.43859649122807015,0.8771929824561403
2014-03-30,0.0,0.0,0.398406374501992,0.0,0.398406374501992,0.0,0.0,1.99203187250996,0.0,0.0
2014-04-06,0.7509386733416771,1.5018773466833542,1.5018773466833542,0.0,1.3767209011264079,0.1251564455569462,0.7509386733416771,3.379224030037547,1.0012515644555695,0.0
2014-04-13,0.0,0.0,0.0,0.0,0.0,0.0,0.0,0.0,0.0,0.0
2014-04-20,1.800720288115246,1.4405762304921967,1.3205282112845138,0.0,1.0804321728691475,0.2400960384153661,0.6002400960384154,2.4009603841536618,1.2004801920768309,0.8403361344537815
2014-04-27,0.5959475566150179,0.23837902264600716,0.3575685339690107,0.0,0.3575685339690107,0.0,0.11918951132300355,2.026221692491061,0.7151370679380215,2.2646007151370684
2014-05-04,1.8691588785046729,0.2336448598130841,1.4018691588785046,0.0,1.4018691588785046,0.0,0.7009345794392523,2.803738317757009,0.4672897196261682,0.5841121495327103
2014-05-11,0.0,0.0,0.0,0.0,0.0,0.0,0.0,0.0,0.0,0.0
2014-05-18,1.8823529411764703,0.0,0.2352941176470588,0.0,0.2352941176470588,0.0,0.0,3.5294117647058822,0.4705882352941176,2.3529411764705883
2014-05-25,0.7246376811594203,0.12077294685990338,0.8454106280193237,0.0,0.8454106280193237,0.0,2.1739130434782608,3.0193236714975846,1.6908212560386473,0.6038647342995169
2014-06-01,0.6896551724137931,1.9540229885057472,1.0344827586206895,0.0,1.0344827586206895,0.0,0.2298850574712644,2.7586206896551726,0.6896551724137931,1.1494252873563218
2014-06-08,0.4854368932038834,0.0,0.2427184466019417,0.0,0.12135922330097085,0.12135922330097085,0.6067961165048543,2.4271844660194173,0.9708737864077668,2.063106796116505
2014-06-15,1.3447432762836184,0.12224938875305626,0.4889975550122249,0.0,0.3667481662591687,0.12224938875305626,0.12224938875305626,2.444987775061125,0.4889975550122249,0.8557457212713936
2014-06-22,0.0,0.0,0.0,0.0,0.0,0.0,0.0,0.0,0.0,0.0
2014-06-29,0.5649717514124294,0.2259887005649717,0.9039548022598871,0.0,0.9039548022598871,0.0,0.2259887005649717,1.9209039548022602,0.5649717514124294,0.4519774011299435
2014-07-06,0.7075471698113208,0.3537735849056604,0.2358490566037736,0.0,0.2358490566037736,0.0,0.8254716981132075,2.0047169811320757,2.1226415094339623,1.0613207547169812
2014-07-13,0.0,0.0,1.0050251256281406,1.0050251256281406,0.0,0.0,0.0,7.035175879396986,1.507537688442211,3.5175879396984926
2014-07-20,0.7100591715976331,0.4733727810650888,0.2366863905325444,0.0,0.2366863905325444,0.0,0.1183431952662722,0.2366863905325444,0.3550295857988165,0.591715976331361
2014-07-27,0.8324661810613945,2.6014568158168574,1.9771071800208115,0.10405827263267432,1.8730489073881371,0.0,0.10405827263267432,4.1623309053069715,0.8324661810613945,1.2486992715920917
2014-08-03,1.4962593516209477,0.0,0.9975062344139649,0.0,0.9975062344139649,0.0,0.4987531172069825,2.8678304239401498,0.7481296758104738,0.2493765586034913
2014-08-10,0.0,0.0,0.0,0.0,0.0,0.0,0.0,0.0,0.0,0.0
2014-08-17,0.0,0.0,0.0,0.0,0.0,0.0,0.0,0.0,0.0,0.0
2014-08-24,0.53475935828877,0.106951871657754,0.8556149732620321,0.106951871657754,0.6417112299465241,0.106951871657754,0.8556149732620321,2.2459893048128343,1.6042780748663104,1.06951871657754
2014-08-31,0.4722550177095631,0.11806375442739077,0.9445100354191264,0.11806375442739077,0.8264462809917356,0.0,0.11806375442739077,2.007083825265644,0.7083825265643447,1.180637544273908
2014-09-07,1.07095046854083,0.13386880856760375,0.535475234270415,0.0,0.535475234270415,0.0,0.13386880856760375,1.6064257028112447,1.07095046854083,1.6064257028112447
2014-09-14,0.0,0.0,0.0,0.0,0.0,0.0,0.0,0.0,0.0,0.0
2014-09-21,0.0,0.0,0.0,0.0,0.0,0.0,0.0,31.25,0.0,0.0
2014-09-28,0.0,0.0,0.0,0.0,0.0,0.0,0.0,37.5,0.0,0.0
2014-10-05,0.6928406466512702,0.4618937644341801,0.6928406466512702,0.11547344110854504,0.4618937644341801,0.11547344110854504,0.4618937644341801,3.9260969976905313,1.5011547344110854,0.8083140877598153
2014-10-12,0.30349013657056145,0.15174506828528073,0.0,0.0,0.0,0.0,0.7587253414264037,0.6069802731411229,1.0622154779969648,2.8831562974203337
2014-10-19,0.0,0.0,0.0,0.0,0.0,0.0,0.0,0.0,0.0,0.0
2014-10-26,0.1182033096926714,1.0638297872340423,2.8368794326241136,0.2364066193853428,2.4822695035460995,0.1182033096926714,0.5910165484633569,0.4728132387706856,0.7092198581560284,0.2364066193853428
2014-11-02,2.4757804090419806,0.4305705059203444,1.1840688912809472,0.0,1.0764262648008611,0.1076426264800861,0.3229278794402584,3.8751345532831,1.0764262648008611,0.7534983853606028
2014-11-09,0.10857763300760044,0.43431053203040176,0.9771986970684038,0.0,0.9771986970684038,0.0,1.4115092290988056,2.931596091205212,1.520086862106406,2.0629750271444083
2014-11-16,0.4767580452920143,0.0,1.3110846245530394,0.0,0.834326579261025,0.4767580452920143,0.4767580452920143,3.0989272943980932,0.834326579261025,0.834326579261025
2014-11-23,0.11363636363636365,2.5,1.4772727272727273,0.11363636363636365,1.3636363636363635,0.0,0.7954545454545454,0.3409090909090909,1.0227272727272727,0.6818181818181818
2014-11-30,0.2267573696145125,0.6802721088435374,1.1337868480725624,0.2267573696145125,0.7936507936507936,0.11337868480725626,0.453514739229025,0.3401360544217687,0.6802721088435374,0.7936507936507936
2014-12-07,0.22148394241417496,0.8859357696566998,0.4429678848283499,0.0,0.4429678848283499,0.0,1.5503875968992251,2.5470653377630117,1.6611295681063123,0.3322259136212625
2014-12-14,0.21505376344086025,0.21505376344086025,0.10752688172043012,0.0,0.0,0.10752688172043012,0.3225806451612903,5.053763440860215,0.7526881720430108,1.5053763440860215
2014-12-21,0.0,0.0,0.0,0.0,0.0,0.0,0.0,0.0,0.0,0.0
2014-12-28,0.427807486631016,0.8556149732620321,0.6417112299465241,0.0,0.6417112299465241,0.0,0.213903743315508,2.9946524064171123,0.53475935828877,0.6417112299465241
2015-01-04,0.2272727272727273,0.0,2.159090909090909,1.7045454545454544,0.4545454545454545,0.0,0.0,3.977272727272727,0.3409090909090909,1.7045454545454544
2015-01-11,0.0,0.0,0.0,0.0,0.0,0.0,0.2751031636863824,2.751031636863824,0.4126547455295736,3.713892709766162
2015-01-18,0.3521126760563381,0.4694835680751174,1.4084507042253522,0.0,1.2910798122065728,0.11737089201877934,1.2910798122065728,3.755868544600939,1.4084507042253522,0.5868544600938966
2015-01-25,0.0,0.0,0.967741935483871,0.10752688172043012,0.8602150537634409,0.0,0.21505376344086025,3.118279569892473,0.967741935483871,0.10752688172043012
2015-02-01,0.3623188405797101,0.966183574879227,1.5700483091787443,0.0,1.5700483091787443,0.0,2.7777777777777777,0.966183574879227,1.5700483091787443,0.6038647342995169
2015-02-08,0.2205071664829107,0.0,0.0,0.0,0.0,0.0,0.4410143329658214,2.2050716648291067,0.8820286659316428,2.7563395810363835
2015-02-15,0.5482456140350876,0.0,0.21929824561403508,0.0,0.21929824561403508,0.0,0.10964912280701754,3.399122807017544,0.7675438596491228,0.986842105263158
2015-02-22,0.0,0.0,0.0,0.0,0.0,0.0,0.0,0.0,0.0,0.0
2015-03-01,0.6550218340611353,0.21834061135371174,1.7467248908296942,0.0,0.9825327510917032,0.7641921397379913,0.9825327510917032,3.384279475982533,0.6550218340611353,0.4366812227074235
2015-03-08,0.0,0.0,0.0,0.0,0.0,0.0,0.0,0.0,0.0,0.0
2015-03-15,0.0,0.0,0.0,0.0,0.0,0.0,0.0,0.0,0.0,0.0
2015-03-22,0.7972665148063782,0.3416856492027335,0.4555808656036446,0.0,0.11389521640091115,0.3416856492027335,0.5694760820045558,3.1890660592255133,1.0250569476082003,0.9111617312072892
2015-03-29,0.3492433061699651,0.11641443538998834,0.0,0.0,0.0,0.0,0.2328288707799767,3.0267753201396967,1.5133876600698486,1.0477299185098952
2015-04-05,0.904977375565611,0.5656108597285068,0.904977375565611,0.0,0.904977375565611,0.0,0.7918552036199095,1.1312217194570136,0.6787330316742082,1.1312217194570136
2015-04-12,0.8215962441314555,0.0,0.8215962441314555,0.0,0.3521126760563381,0.4694835680751174,0.3521126760563381,3.63849765258216,0.3521126760563381,0.8215962441314555
2015-04-19,1.5892420537897312,0.12224938875305626,0.0,0.0,0.0,0.0,0.4889975550122249,2.8117359413202934,3.3007334963325183,0.3667481662591687
2015-04-26,1.6304347826086956,0.32608695652173914,1.7391304347826086,0.0,1.7391304347826086,0.0,2.282608695652174,2.717391304347826,1.3043478260869563,1.3043478260869563
2015-05-03,1.7500000000000002,0.0,1.0,0.25,0.375,0.375,0.0,3.75,1.0,0.5
2015-05-10,0.8565310492505354,0.4282655246252677,0.8565310492505354,0.32119914346895073,0.4282655246252677,0.10706638115631692,0.5353319057815845,3.3190578158458246,0.8565310492505354,1.9271948608137044
2015-05-17,0.5427408412483039,1.0854816824966078,1.899592944369064,0.0,1.4925373134328357,0.4070556309362279,1.0854816824966078,3.799185888738128,1.2211668928086838,0.949796472184532
2015-05-24,0.0,0.0,0.0,0.0,0.0,0.0,0.0,0.0,0.0,0.0
2015-05-31,0.0,0.0,0.0,0.0,0.0,0.0,0.0,0.0,0.0,0.0
2015-06-07,0.20576131687242802,0.20576131687242802,1.02880658436214,0.10288065843621401,0.9259259259259258,0.0,1.5432098765432098,3.08641975308642,1.02880658436214,0.7201646090534979
2015-06-14,1.6997167138810199,0.8498583569405099,1.7941454202077431,0.09442870632672333,1.41643059490085,0.28328611898017,1.5108593012275733,3.210576015108593,0.8498583569405099,0.4721435316336166
2015-06-21,0.1072961373390558,0.5364806866952789,0.5364806866952789,0.1072961373390558,0.4291845493562232,0.0,0.4291845493562232,3.004291845493562,0.8583690987124464,0.8583690987124464
2015-06-28,0.7803790412486065,0.5574136008918618,1.0033444816053512,0.11148272017837237,0.6688963210702341,0.2229654403567447,1.1148272017837235,4.3478260869565215,0.8918617614269788,0.6688963210702341
2015-07-05,0.0,0.0,0.0,0.0,0.0,0.0,0.0,0.0,0.0,0.0
2015-07-12,0.6772009029345373,0.33860045146726864,0.1128668171557562,0.0,0.1128668171557562,0.0,0.2257336343115124,1.015801354401806,0.7900677200902935,1.015801354401806
2015-07-19,0.7972665148063782,0.3416856492027335,0.7972665148063782,0.11389521640091115,0.683371298405467,0.0,0.9111617312072892,0.7972665148063782,1.366742596810934,0.3416856492027335
2015-07-26,0.0,0.0,0.4357298474945534,0.0,0.32679738562091504,0.10893246187363836,0.6535947712418301,2.9411764705882346,0.9803921568627452,0.9803921568627452
2015-08-02,0.6349206349206349,1.3756613756613756,2.2222222222222223,0.10582010582010584,2.1164021164021163,0.0,0.6878306878306878,2.592592592592593,0.7936507936507936,1.1111111111111112
2015-08-09,0.0,0.0,0.0,0.0,0.0,0.0,0.0,0.0,0.0,0.0
2015-08-16,0.0,0.0,0.0,0.0,0.0,0.0,0.0,0.0,0.0,0.0
2015-08-23,0.6422607578676942,0.0,0.8991650610147719,0.06422607578676942,0.8349389852280027,0.0,0.7707129094412332,1.0276172125883107,0.7064868336544637,0.8991650610147719
2015-08-30,0.4296455424274973,1.3963480128893664,0.9667024704618691,0.10741138560687433,0.8592910848549946,0.0,0.7518796992481203,2.9001074113856067,1.288936627282492,0.7518796992481203
2015-09-06,0.10672358591248668,0.6403415154749199,0.7470651013874066,0.0,0.7470651013874066,0.0,0.7470651013874066,1.0672358591248663,0.96051227321238,0.42689434364994666
2015-09-13,0.0,0.0,0.0,0.0,0.0,0.0,0.0,0.0,0.0,0.0
2015-09-20,0.5422993492407809,0.8676789587852495,1.5184381778741864,0.0,1.4099783080260302,0.10845986984815617,1.9522776572668112,1.084598698481562,2.169197396963124,0.3253796095444685
2015-09-27,0.3121748178980229,0.3121748178980229,0.7284079084287199,0.0,0.7284079084287199,0.0,0.0,2.705515088449532,0.6243496357960457,0.4162330905306973
2015-10-04,0.3448275862068966,0.2298850574712644,1.1494252873563218,0.3448275862068966,0.8045977011494253,0.0,0.5747126436781609,0.5747126436781609,1.0344827586206895,1.3793103448275863
2015-10-11,0.0,0.0,0.0,0.0,0.0,0.0,0.0,0.0,0.0,0.0
2015-10-18,1.056338028169014,0.7042253521126761,2.112676056338028,0.0,2.112676056338028,0.0,1.056338028169014,0.9389671361502347,0.9389671361502347,0.5868544600938966
2015-10-25,0.5452562704471101,1.1995637949836424,0.21810250817884408,0.0,0.10905125408942204,0.10905125408942204,0.9814612868047984,3.4896401308615053,1.4176663031624863,1.3086150490730644
2015-11-01,0.0,0.0,0.0,0.0,0.0,0.0,0.0,0.0,0.0,0.0
2015-11-08,0.8163265306122449,1.2244897959183674,0.7142857142857143,0.0,0.7142857142857143,0.0,0.30612244897959184,3.673469387755103,1.7346938775510203,1.5306122448979589
2015-11-15,2.120141342756184,0.4711425206124853,1.1778563015312131,0.11778563015312132,0.9422850412249704,0.11778563015312132,0.353356890459364,1.2956419316843346,1.413427561837456,0.7067137809187279
2015-11-22,0.10775862068965517,0.5387931034482759,1.1853448275862069,0.0,1.1853448275862069,0.0,0.5387931034482759,2.693965517241379,1.7241379310344829,0.5387931034482759
2015-11-29,0.0,0.0,0.0,0.0,0.0,0.0,0.0,0.0,0.0,0.0
2015-12-06,0.3275109170305677,2.1834061135371177,0.9825327510917032,0.0,0.9825327510917032,0.0,0.4366812227074235,1.310043668122271,1.9650655021834065,0.6550218340611353
2015-12-13,0.2921129503407984,0.3894839337877313,0.3894839337877313,0.0,0.3894839337877313,0.0,1.071080817916261,0.6815968841285297,1.5579357351509249,1.2658227848101269
2015-12-20,0.32608695652173914,0.0,0.10869565217391304,0.0,0.10869565217391304,0.0,0.9782608695652176,0.7608695652173914,1.1956521739130437,2.282608695652174
2015-12-27,0.2333722287047841,2.2170361726954493,1.633605600933489,0.0,1.4002333722287048,0.2333722287047841,0.9334889148191364,0.7001166861143524,1.166861143523921,0.7001166861143524
2016-01-03,0.0,0.0,0.0,0.0,0.0,0.0,0.0,0.0,0.0,0.0
2016-01-10,0.24242424242424246,0.3636363636363637,0.3636363636363637,0.0,0.3636363636363637,0.0,0.24242424242424246,0.4848484848484849,0.6060606060606061,1.2121212121212122
2016-01-17,0.2457002457002457,0.12285012285012285,0.7371007371007371,0.0,0.6142506142506142,0.12285012285012285,1.1056511056511056,0.6142506142506142,1.71990171990172,2.3341523341523343
2016-01-24,0.7777777777777778,0.1111111111111111,1.2222222222222223,0.1111111111111111,1.1111111111111112,0.0,0.4444444444444444,0.7777777777777778,0.7777777777777778,0.7777777777777778
2016-01-31,0.4405286343612335,1.6519823788546255,2.312775330396476,0.0,2.202643171806168,0.11013215859030838,0.6607929515418502,0.4405286343612335,0.8810572687224669,0.6607929515418502
2016-02-07,0.5649717514124294,0.3389830508474576,1.0169491525423728,0.11299435028248588,0.9039548022598871,0.0,2.0338983050847457,1.1299435028248588,1.6949152542372878,0.4519774011299435
2016-02-14,0.5192107995846313,0.3115264797507788,0.9345794392523364,0.10384215991692627,0.8307372793354102,0.0,0.6230529595015576,0.9345794392523364,1.2461059190031152,0.8307372793354102
2016-02-21,0.3614457831325301,0.1204819277108434,0.8433734939759037,0.0,0.8433734939759037,0.0,1.0843373493975903,0.2409638554216868,0.9638554216867472,0.9638554216867472
2016-02-28,0.11001100110011,0.11001100110011,1.32013201320132,0.11001100110011,1.2101210121012098,0.0,0.44004400440044,0.5500550055005501,0.44004400440044,1.1001100110011002
2016-03-06,0.0,0.0,0.0,0.0,0.0,0.0,0.0,0.0,0.0,0.0
2016-03-13,0.0,0.0,0.0,0.0,0.0,0.0,0.0,0.0,0.0,0.0
2016-03-20,1.015801354401806,0.4514672686230248,0.6772009029345373,0.0,0.2257336343115124,0.4514672686230248,0.5643340857787811,0.4514672686230248,2.3702031602708806,0.2257336343115124
2016-03-27,0.0,0.0,0.0,0.0,0.0,0.0,0.0,0.0,0.0,0.0
2016-04-03,0.6849315068493149,0.1141552511415525,0.45662100456620996,0.0,0.45662100456620996,0.0,3.1963470319634704,1.0273972602739725,3.4246575342465757,0.6849315068493149
2016-04-10,0.77007700770077,0.0,0.5500550055005501,0.11001100110011,0.33003300330033003,0.11001100110011,0.33003300330033003,0.99009900990099,0.99009900990099,0.44004400440044
2016-04-17,0.0,0.0,0.0,0.0,0.0,0.0,0.0,0.9174311926605504,0.9174311926605504,1.834862385321101
2016-04-24,0.6349206349206349,0.21164021164021168,0.7407407407407408,0.10582010582010584,0.6349206349206349,0.0,1.3756613756613756,1.2698412698412698,0.9523809523809524,0.7407407407407408
2016-05-01,0.22197558268590456,0.11098779134295228,1.109877913429523,0.0,1.109877913429523,0.0,0.22197558268590456,0.6659267480577136,0.22197558268590456,0.3329633740288568
2016-05-08,0.7838745800671892,0.5599104143337066,2.2396416573348263,0.0,2.127659574468085,0.11198208286674133,0.7838745800671892,1.2318029115341544,1.2318029115341544,0.7838745800671892
2016-05-15,1.639344262295082,0.3278688524590164,0.5464480874316939,0.1092896174863388,0.4371584699453552,0.0,0.9836065573770492,1.5300546448087433,2.295081967213114,1.5300546448087433
2016-05-22,0.7033997655334115,0.0,0.8206330597889802,0.0,0.8206330597889802,0.0,1.406799531066823,1.2895662368112544,1.406799531066823,1.172332942555686
2016-05-29,0.0,0.0,0.0,0.0,0.0,0.0,0.0,0.0,0.0,0.0
2016-06-05,0.3125,0.0,0.625,0.4166666666666667,0.20833333333333331,0.0,0.9375,0.5208333333333333,0.8333333333333334,1.4583333333333333
2016-06-12,0.241254523522316,0.0,0.6031363088057901,0.0,0.482509047044632,0.120627261761158,1.6887816646562124,0.482509047044632,2.1712907117008444,0.241254523522316
2016-06-19,0.5442176870748299,0.0,0.13605442176870747,0.0,0.0,0.13605442176870747,0.5442176870748299,1.3605442176870748,1.2244897959183674,1.2244897959183674
2016-06-26,0.7490636704119851,1.1235955056179776,2.621722846441948,0.12484394506866416,2.4968789013732837,0.0,0.3745318352059925,1.373283395755306,1.6229712858926344,0.9987515605493134
2016-07-03,0.8465608465608466,0.5291005291005291,1.164021164021164,0.0,1.164021164021164,0.0,0.10582010582010584,1.164021164021164,1.058201058201058,0.5291005291005291
2016-07-10,0.4166666666666667,0.5555555555555556,0.4166666666666667,0.0,0.4166666666666667,0.0,0.8333333333333334,0.5555555555555556,2.083333333333333,2.2222222222222223
2016-07-17,0.0,0.0,0.0,0.0,0.0,0.0,0.0,0.0,0.0,0.0
2016-07-24,0.4807692307692308,0.2403846153846154,0.7211538461538461,0.0,0.7211538461538461,0.0,3.3653846153846154,0.7211538461538461,3.7259615384615374,0.7211538461538461
2016-07-31,0.3,1.7999999999999998,2.1,0.0,1.7999999999999998,0.3,0.4,0.7000000000000001,0.8,0.5
2016-08-07,0.0,0.0,0.0,0.0,0.0,0.0,0.0,0.0,0.0,0.0
2016-08-14,0.0,0.0,0.0,0.0,0.0,0.0,0.0,0.0,0.0,0.0
2016-08-21,0.6024096385542169,0.2409638554216868,0.4819277108433736,0.1204819277108434,0.3614457831325301,0.0,0.0,1.4457831325301205,0.4819277108433736,0.7228915662650602
2016-08-28,2.444987775061125,0.0,0.9779951100244498,0.0,0.9779951100244498,0.0,0.2444987775061125,0.6112469437652812,1.1002444987775062,0.8557457212713936
2016-09-04,0.3802281368821293,0.2534854245880861,1.2674271229404308,0.0,1.2674271229404308,0.0,2.915082382762991,1.1406844106463878,2.7883396704689485,1.520912547528517
2016-09-11,0.27739251040221913,0.5547850208044383,0.6934812760055479,0.0,0.6934812760055479,0.0,0.6934812760055479,1.1095700416088763,1.8030513176144245,0.6934812760055479
2016-09-18,0.22497187851518566,0.0,0.562429696287964,0.11248593925759283,0.4499437570303713,0.0,0.11248593925759283,0.562429696287964,0.8998875140607425,0.6749156355455568
2016-09-25,0.0,0.0,0.0,0.0,0.0,0.0,0.0,0.0,0.0,0.0
2016-10-02,0.0,0.0,0.0,0.0,0.0,0.0,0.0,0.0,0.0,0.0
2016-10-09,0.0,0.2205071664829107,0.5512679162072767,0.0,0.5512679162072767,0.0,0.33076074972436603,2.3153252480705624,1.6538037486218304,1.8743109151047408
2016-10-16,1.6374269005847957,0.0,0.8187134502923977,0.0,0.8187134502923977,0.0,0.8187134502923977,0.7017543859649122,1.988304093567252,0.4678362573099416
2016-10-23,0.0,0.0,0.0,0.0,0.0,0.0,0.0,0.0,0.0,0.0
2016-10-30,0.0,0.0,0.0,0.0,0.0,0.0,0.0,0.0,0.0,0.0
2016-11-06,0.5512679162072767,0.11025358324145534,0.6615214994487321,0.0,0.6615214994487321,0.0,0.5512679162072767,0.2205071664829107,0.6615214994487321,0.4410143329658214
2016-11-13,0.0,0.0,0.0,0.0,0.0,0.0,0.0,0.0,0.0,0.0
2016-11-20,0.4514672686230248,0.2257336343115124,0.6772009029345373,0.1128668171557562,0.5643340857787811,0.0,0.1128668171557562,0.4514672686230248,0.4514672686230248,0.4514672686230248
2016-11-27,0.7025761124121779,0.117096018735363,0.35128805620608894,0.0,0.35128805620608894,0.0,0.5854800936768151,1.1709601873536302,0.5854800936768151,0.819672131147541
2016-12-04,0.6045949214026602,0.36275695284159615,1.2091898428053205,0.0,0.12091898428053205,1.0882708585247884,0.2418379685610641,0.7255139056831923,1.2091898428053205,2.176541717049577
2016-12-11,0.8968609865470852,0.0,0.672645739910314,0.0,0.5605381165919282,0.11210762331838564,0.672645739910314,1.1210762331838564,1.0089686098654709,0.5605381165919282
2016-12-18,0.0,0.0,0.0,0.0,0.0,0.0,0.0,0.0,0.0,0.0
2016-12-25,0.2055498458376156,0.1027749229188078,0.4110996916752313,0.0,0.4110996916752313,0.0,0.513874614594039,0.6166495375128468,0.9249743062692704,0.7194244604316548
2017-01-01,0.1076426264800861,0.0,1.1840688912809472,0.1076426264800861,1.0764262648008611,0.0,0.1076426264800861,3.4445640473627552,0.6458557588805167,0.2152852529601722
2017-01-08,1.1156186612576064,0.0,0.4056795131845842,0.2028397565922921,0.10141987829614604,0.10141987829614604,1.4198782961460443,1.4198782961460443,2.028397565922921,2.738336713995943
2017-01-15,0.11750881316098707,0.7050528789659225,0.4700352526439483,0.0,0.35252643948296125,0.11750881316098707,0.35252643948296125,0.7050528789659225,0.8225616921269095,1.7626321974148058
2017-01-22,2.2850924918389555,0.0,0.9793253536452664,0.0,0.9793253536452664,0.0,1.0881392818280742,0.6528835690968444,0.3264417845484222,0.3264417845484222
2017-01-29,0.0,0.0,0.0,0.0,0.0,0.0,0.0,0.0,0.0,0.0
2017-02-05,0.20222446916076847,0.0,0.10111223458038424,0.10111223458038424,0.0,0.0,0.20222446916076847,0.5055611729019212,0.20222446916076847,1.314459049544995
2017-02-12,0.32679738562091504,0.0,0.4357298474945534,0.0,0.32679738562091504,0.10893246187363836,0.0,0.7625272331154684,0.6535947712418301,1.96078431372549
2017-02-19,0.0,0.0,0.0,0.0,0.0,0.0,0.0,0.0,0.0,0.0
2017-02-26,0.5181347150259068,0.31088082901554404,1.243523316062176,0.0,0.932642487046632,0.31088082901554404,0.6217616580310881,0.932642487046632,0.932642487046632,0.8290155440414507
2017-03-05,0.0,0.0,0.0,0.0,0.0,0.0,0.0,0.0,0.0,0.0
2017-03-12,0.0,0.0,0.0,0.0,0.0,0.0,0.0,0.0,0.0,0.0
2017-03-19,1.0025062656641603,0.12531328320802004,0.7518796992481203,0.0,0.3759398496240601,0.3759398496240601,0.5012531328320802,0.7518796992481203,1.3784461152882206,0.3759398496240601
2017-03-26,0.0,0.0,0.0,0.0,0.0,0.0,0.0,0.0,0.0,0.0
2017-04-02,0.0,0.0,0.0,0.0,0.0,0.0,0.0,0.0,0.0,0.0
2017-04-09,4.580152671755725,0.19083969465648853,2.2900763358778624,0.19083969465648853,2.099236641221374,0.0,2.099236641221374,0.5725190839694656,1.3358778625954195,0.0
2017-04-16,0.104384133611691,0.0,0.5219206680584552,0.0,0.5219206680584552,0.0,0.104384133611691,0.104384133611691,0.417536534446764,0.7306889352818371
2017-04-23,0.3401360544217687,0.11337868480725626,0.7936507936507936,0.11337868480725626,0.11337868480725626,0.5668934240362812,0.3401360544217687,1.1337868480725624,0.3401360544217687,0.453514739229025
2017-04-30,0.0,0.0,0.14619883040935672,0.0,0.0,0.14619883040935672,0.43859649122807015,0.7309941520467835,1.023391812865497,1.9005847953216373
2017-05-07,0.0,0.16339869281045752,0.9803921568627452,0.0,0.9803921568627452,0.0,0.0,0.32679738562091504,0.16339869281045752,0.6535947712418301
2017-05-14,0.9915014164305948,0.0,0.708215297450425,0.0,0.708215297450425,0.0,0.28328611898017,0.56657223796034,0.42492917847025496,0.42492917847025496
2017-05-21,0.3809523809523809,0.19047619047619047,1.1428571428571428,0.0,1.1428571428571428,0.0,1.5238095238095235,0.5714285714285714,2.666666666666667,0.7619047619047619
2017-05-28,0.3444316877152698,0.2296211251435132,0.3444316877152698,0.0,0.2296211251435132,0.1148105625717566,0.4592422502870264,0.2296211251435132,0.6888633754305395,0.6888633754305395
2017-06-04,0.0,0.0,0.0,0.0,0.0,0.0,0.0,0.0,0.0,0.0
2017-06-11,0.0,0.0,2.582159624413145,0.0,0.7042253521126761,1.8779342723004693,0.0,0.7042253521126761,0.2347417840375587,0.9389671361502347
2017-06-18,0.3314917127071823,1.8784530386740328,1.1049723756906076,0.0,1.1049723756906076,0.0,0.5524861878453038,0.5524861878453038,1.5469613259668509,1.4364640883977902
2017-06-25,2.094818081587652,0.8820286659316428,2.7563395810363835,0.11025358324145534,2.6460859977949283,0.0,0.8820286659316428,0.8820286659316428,0.9922822491730982,1.5435501653803747
2017-07-02,0.0,0.0,0.0,0.0,0.0,0.0,0.0,0.0,0.0,0.0
2017-07-09,0.3253796095444685,0.3253796095444685,0.5422993492407809,0.0,0.4338394793926248,0.10845986984815617,0.2169197396963124,0.9761388286334056,1.5184381778741864,0.8676789587852495
2017-07-16,0.6024096385542169,0.0,0.0,0.0,0.0,0.0,1.8072289156626504,3.0120481927710845,1.2048192771084338,0.0
2017-07-23,0.3325942350332594,0.3325942350332594,0.9977827050997782,0.11086474501108648,0.8869179600886918,0.0,0.6651884700665188,0.7760532150776054,1.3303769401330376,0.4434589800443459
2017-07-30,0.4379562043795621,0.291970802919708,1.167883211678832,0.145985401459854,1.0218978102189782,0.0,0.0,2.18978102189781,0.145985401459854,0.8759124087591241
2017-08-06,0.0,0.0,0.0,0.0,0.0,0.0,0.0,0.0,0.0,0.0
2017-08-13,0.0,0.0,0.0,0.0,0.0,0.0,0.0,0.0,0.0,0.0
2017-08-20,0.4884004884004884,0.2442002442002442,0.4884004884004884,0.0,0.0,0.4884004884004884,0.1221001221001221,0.3663003663003663,1.7094017094017095,0.9768009768009768
2017-08-27,0.0,0.0,0.0,0.0,0.0,0.0,1.5151515151515151,0.0,6.0606060606060606,1.5151515151515151
2017-09-03,0.0,0.0,1.851851851851852,0.0,1.851851851851852,0.0,3.7037037037037033,0.0,5.5555555555555545,0.0
2017-09-10,0.1150747986191024,0.0,0.4602991944764097,0.0,0.4602991944764097,0.0,0.6904487917146145,0.6904487917146145,1.611047180667434,3.1070195627157653
2017-09-17,1.3888888888888888,0.0,0.0,0.0,0.0,0.0,0.0,2.7777777777777777,0.0,0.0
2017-09-24,2.9801324503311264,0.11037527593818984,0.5518763796909493,0.0,0.5518763796909493,0.0,1.4348785871964682,0.44150110375275936,0.8830022075055187,0.9933774834437088
2017-10-01,0.3154574132492113,0.0,0.6309148264984227,0.0,0.6309148264984227,0.0,0.15772870662460567,0.0,1.2618296529968454,0.473186119873817
2017-10-08,0.0,0.0,0.0,0.0,0.0,0.0,0.0,0.0,0.0,0.0
2017-10-15,0.20942408376963356,0.0,0.4188481675392671,0.0,0.4188481675392671,0.0,0.20942408376963356,0.10471204188481677,1.0471204188481675,0.5235602094240838
2017-10-22,0.0,0.0,0.0,0.0,0.0,0.0,0.0,0.0,0.0,0.0
2017-10-29,0.0,0.0,0.0,0.0,0.0,0.0,0.0,0.0,0.0,0.0
2017-11-05,0.0,0.0,0.38461538461538464,0.0,0.0,0.38461538461538464,0.0,0.0,1.9230769230769231,0.38461538461538464
2017-11-12,0.0,0.0,0.0,0.0,0.0,0.0,0.0,0.0,0.0,0.0
2017-11-19,0.0,0.0,0.0,0.0,0.0,0.0,0.0,0.0,0.0,0.0
2017-11-26,0.7092198581560284,0.0,0.3546099290780142,0.0,0.1773049645390071,0.1773049645390071,0.8865248226950355,0.5319148936170213,1.2411347517730498,1.0638297872340423
2017-12-03,0.0,0.0,0.0,0.0,0.0,0.0,0.0,0.0,0.0,0.0
2017-12-10,0.0,0.0,0.2808988764044944,0.2808988764044944,0.0,0.0,0.2808988764044944,1.6853932584269662,0.5617977528089888,1.6853932584269662
2017-12-17,0.5524861878453038,0.5524861878453038,0.8839779005524863,0.0,0.8839779005524863,0.0,0.5524861878453038,0.8839779005524863,1.3259668508287292,1.3259668508287292
2017-12-24,0.0,0.0,0.0,0.0,0.0,0.0,0.0,0.0,0.0,0.0
2017-12-31,0.0,0.0,0.0,0.0,0.0,0.0,0.0,0.0,0.0,0.0
2018-01-07,0.0,0.0,1.749271137026239,0.0,1.749271137026239,0.0,2.915451895043732,1.4577259475218658,3.498542274052478,0.2915451895043732
2018-01-14,0.0,0.0,0.0,0.0,0.0,0.0,0.0,0.0,0.0,0.0
2018-01-21,0.0,0.0,1.5151515151515151,0.0,1.5151515151515151,0.0,1.5151515151515151,1.5151515151515151,1.5151515151515151,0.0
2018-01-28,0.0,0.0,0.0,0.0,0.0,0.0,0.0,0.0,0.0,0.0
2018-02-04,0.0,0.0,0.0,0.0,0.0,0.0,0.0,0.0,0.0,0.0
2018-02-11,0.11682242990654206,0.2336448598130841,0.7009345794392523,0.0,0.7009345794392523,0.0,0.3504672897196261,1.4018691588785046,1.0514018691588785,0.9345794392523364
2018-02-18,0.0,0.0,0.0,0.0,0.0,0.0,0.0,0.0,0.0,0.0
2018-02-25,0.0,0.0,0.0,0.0,0.0,0.0,0.0,0.0,0.0,0.0
2018-03-04,0.0,0.0,0.0,0.0,0.0,0.0,0.0,0.0,0.0,0.0
2018-03-11,0.0,0.0,0.0,0.0,0.0,0.0,0.0,0.0,0.0,0.0
2018-03-18,0.0,0.0,0.0,0.0,0.0,0.0,0.0,0.0,0.0,0.0
2018-03-25,0.5882352941176471,0.0,0.29411764705882354,0.0,0.14705882352941174,0.14705882352941174,0.29411764705882354,1.1764705882352942,1.7647058823529411,0.14705882352941174
2018-04-01,0.43859649122807015,1.3157894736842104,3.070175438596491,0.0,2.4853801169590644,0.5847953216374269,0.29239766081871343,0.8771929824561403,1.023391812865497,0.43859649122807015
2018-04-08,1.3966480446927374,0.2793296089385475,2.793296089385475,0.0,1.9553072625698324,0.8379888268156425,2.23463687150838,0.8379888268156425,1.3966480446927374,0.2793296089385475
2018-04-15,0.0,0.0,0.5865102639296188,0.1466275659824047,0.2932551319648094,0.1466275659824047,0.7331378299120235,1.1730205278592376,1.0263929618768328,0.2932551319648094
2018-04-22,0.7112375533428165,0.0,0.7112375533428165,0.0,0.5689900426742532,0.1422475106685633,0.995732574679943,0.8534850640113799,1.1379800853485065,0.42674253200569
2018-04-29,0.3067484662576687,3.6809815950920246,3.3742331288343568,0.0,3.0674846625766867,0.3067484662576687,0.9202453987730062,1.5337423312883436,0.6134969325153374,1.2269938650306749
2018-05-06,0.4587155963302753,0.0,0.0,0.0,0.0,0.0,0.22935779816513766,2.064220183486239,0.6880733944954129,3.440366972477064
2018-05-13,0.0,0.0,0.0,0.0,0.0,0.0,0.0,0.0,0.0,0.0
2018-05-20,0.14492753623188406,0.0,0.14492753623188406,0.0,0.14492753623188406,0.0,0.0,1.4492753623188406,0.2898550724637681,1.4492753623188406
2018-05-27,0.4398826979472141,0.2932551319648094,0.8797653958944283,0.0,0.7331378299120235,0.1466275659824047,0.2932551319648094,1.4662756598240467,0.8797653958944283,0.5865102639296188
2018-06-03,0.8344923504867872,0.4172461752433936,0.4172461752433936,0.0,0.4172461752433936,0.0,0.0,4.033379694019471,0.27816411682892905,0.5563282336578581
2018-06-10,0.15015015015015015,0.0,0.3003003003003003,0.0,0.3003003003003003,0.0,0.3003003003003003,0.6006006006006006,1.2012012012012012,2.5525525525525525
2018-06-17,0.4559270516717325,0.0,0.9118541033434651,0.0,0.6079027355623101,0.30395136778115506,0.30395136778115506,1.0638297872340423,0.7598784194528876,0.9118541033434651
2018-06-24,0.603318250377074,1.96078431372549,3.1674208144796383,0.301659125188537,2.865761689291101,0.0,0.0,1.0558069381598794,0.0,1.206636500754148
2018-07-01,0.5502063273727648,0.0,0.4126547455295736,0.1375515818431912,0.2751031636863824,0.0,0.4126547455295736,1.5130674002751032,0.4126547455295736,0.5502063273727648
2018-07-08,2.6499302649930265,0.0,0.6973500697350071,0.1394700139470014,0.5578800557880056,0.0,0.5578800557880056,1.1157601115760112,1.2552301255230125,0.2789400278940028
2018-07-15,0.4213483146067416,0.0,0.2808988764044944,0.0,0.2808988764044944,0.0,0.5617977528089888,1.1235955056179776,1.2640449438202246,0.9831460674157304
2018-07-22,0.2849002849002849,0.0,0.5698005698005698,0.14245014245014245,0.4273504273504274,0.0,0.4273504273504274,1.851851851851852,1.1396011396011396,0.9971509971509972
2018-07-29,1.0174418604651163,2.3255813953488373,3.4883720930232562,0.0,2.9069767441860463,0.5813953488372093,0.0,1.162790697674419,0.43604651162790703,0.43604651162790703
2018-08-05,0.0,0.0,0.267379679144385,0.0,0.267379679144385,0.0,0.0,0.9358288770053476,0.267379679144385,1.3368983957219251
2018-08-12,0.0,0.0,0.0,0.0,0.0,0.0,0.0,0.0,0.0,0.0
2018-08-19,1.5151515151515151,0.4545454545454545,2.121212121212121,0.0,1.6666666666666667,0.4545454545454545,0.0,1.2121212121212122,0.6060606060606061,1.818181818181818
2018-08-26,0.4207573632538569,1.9635343618513323,1.6830294530154275,0.0,1.6830294530154275,0.0,0.2805049088359046,0.9817671809256662,0.5610098176718092,0.4207573632538569
2018-09-02,0.5563282336578581,0.27816411682892905,3.0598052851182205,0.13908205841446453,1.2517385257301807,1.6689847009735743,0.27816411682892905,0.6954102920723227,0.13908205841446453,0.8344923504867872
2018-09-09,0.7633587786259541,0.5089058524173028,1.1450381679389312,0.0,1.0178117048346056,0.1272264631043257,1.6539440203562341,1.1450381679389312,1.6539440203562341,0.7633587786259541
2018-09-16,0.0,0.0,0.2631578947368421,0.0,0.2631578947368421,0.0,0.3947368421052632,1.1842105263157896,1.1842105263157896,3.1578947368421053
2018-09-23,0.28169014084507044,0.8450704225352111,1.8309859154929575,0.0,0.9859154929577464,0.8450704225352111,0.0,0.8450704225352111,0.7042253521126761,0.5633802816901409
2018-09-30,0.5082592121982211,0.0,0.7623888182973316,0.0,0.6353240152477764,0.12706480304955528,0.0,2.6683608640406606,0.25412960609911056,1.1435832274459974
2018-10-07,0.0,0.0,0.0,0.0,0.0,0.0,0.0,0.0,0.0,0.0
2018-10-14,0.14124293785310735,0.2824858757062147,0.2824858757062147,0.0,0.2824858757062147,0.0,0.0,0.5649717514124294,0.2824858757062147,0.7062146892655368
2018-10-21,0.0,0.0,0.0,0.0,0.0,0.0,0.0,0.0,0.0,0.0
2018-10-28,0.13333333333333333,1.2,1.7333333333333332,0.0,1.6,0.13333333333333333,0.13333333333333333,1.866666666666667,0.8,2.1333333333333333
2018-11-04,2.5787965616045847,0.14326647564469913,1.5759312320916905,0.0,1.4326647564469914,0.14326647564469913,0.8595988538681949,0.8595988538681949,0.5730659025787965,0.14326647564469913
2018-11-11,0.13869625520110954,3.744798890429958,6.2413314840499305,0.0,6.2413314840499305,0.0,0.13869625520110954,0.6934812760055479,0.27739251040221913,0.4160887656033287
2018-11-18,0.0,0.0,0.0,0.0,0.0,0.0,0.0,0.0,0.0,0.0
2018-11-25,0.9845288326300984,0.14064697609001406,0.5625879043600562,0.0,0.5625879043600562,0.0,0.0,1.5471167369901548,0.2812939521800281,0.9845288326300984
2018-12-02,0.2805049088359046,0.1402524544179523,1.4025245441795229,0.0,1.4025245441795229,0.0,0.1402524544179523,1.4025245441795229,0.7012622720897616,0.5610098176718092
2018-12-09,0.0,0.27322404371584696,0.27322404371584696,0.0,0.27322404371584696,0.0,1.639344262295082,0.819672131147541,2.459016393442623,1.0928961748633879
2018-12-16,0.4143646408839779,0.13812154696132595,1.7955801104972375,0.13812154696132595,1.6574585635359116,0.0,1.3812154696132597,0.5524861878453038,1.2430939226519335,0.13812154696132595
2018-12-23,0.0,0.0,0.0,0.0,0.0,0.0,0.0,0.0,0.0,0.0
2018-12-30,0.5398110661268556,0.4048582995951417,2.0242914979757085,0.0,1.7543859649122806,0.2699055330634278,0.6747638326585695,0.8097165991902834,0.8097165991902834,1.484480431848853
2019-01-06,0.1402524544179523,0.1402524544179523,0.7012622720897616,0.0,0.7012622720897616,0.0,0.2805049088359046,0.9817671809256662,0.9817671809256662,0.7012622720897616
2019-01-13,1.2244897959183674,1.4965986394557822,2.1768707482993195,0.0,1.4965986394557822,0.6802721088435374,0.0,0.5442176870748299,0.0,0.2721088435374149
2019-01-20,0.0,0.0,0.0,0.0,0.0,0.0,0.0,0.0,0.0,0.0
2019-01-27,0.0,0.0,0.0,0.0,0.0,0.0,0.0,0.0,0.0,0.0
2019-02-03,0.15408320493066258,0.4622496147919877,0.6163328197226503,0.0,0.6163328197226503,0.0,0.0,0.7704160246533128,0.15408320493066258,1.078582434514638
2019-02-10,0.0,0.0,0.0,0.0,0.0,0.0,0.0,0.0,0.0,0.0
2019-02-17,0.13245033112582782,0.7947019867549668,1.4569536423841059,0.0,1.4569536423841059,0.0,0.13245033112582782,0.6622516556291391,0.26490066225165565,0.9271523178807948
2019-02-24,0.4048582995951417,0.0,0.8097165991902834,0.1349527665317139,0.6747638326585695,0.0,0.0,0.5398110661268556,0.4048582995951417,1.349527665317139
2019-03-03,0.0,0.0,0.0,0.0,0.0,0.0,0.0,0.0,0.0,0.0
2019-03-10,0.0,0.0,0.0,0.0,0.0,0.0,0.0,0.0,0.0,0.0
2019-03-17,0.0,0.0,0.0,0.0,0.0,0.0,0.0,0.0,0.0,0.0
2019-03-24,0.27816411682892905,0.0,0.8344923504867872,0.0,0.13908205841446453,0.6954102920723227,0.0,0.9735744089012516,0.5563282336578581,0.13908205841446453
2019-03-31,0.2706359945872801,0.13531799729364005,0.2706359945872801,0.0,0.2706359945872801,0.0,0.0,2.571041948579161,0.4059539918809201,0.9472259810554804
2019-04-07,0.12755102040816327,0.0,0.8928571428571428,0.5102040816326531,0.12755102040816327,0.2551020408163265,0.0,0.8928571428571428,0.6377551020408163,0.7653061224489796
2019-04-14,0.0,0.0,0.0,0.0,0.0,0.0,0.0,0.0,0.0,0.0
2019-04-21,0.4172461752433936,3.198887343532685,4.172461752433936,0.0,3.894297635605007,0.27816411682892905,0.13908205841446453,0.4172461752433936,0.27816411682892905,0.0
2019-04-28,0.0,0.0,0.0,0.0,0.0,0.0,0.0,0.0,0.0,0.0
2019-05-05,0.36737692872887584,0.0,0.7347538574577517,0.07347538574577515,0.5878030859662012,0.07347538574577515,0.1469507714915503,0.440852314474651,0.7347538574577517,0.8082292432035268
2019-05-12,0.6501950585175552,0.0,1.820546163849155,0.0,1.5604681404421328,0.2600780234070221,1.4304291287386215,1.4304291287386215,2.340702210663199,0.3901170351105332
2019-05-19,1.1034482758620692,0.27586206896551724,1.5172413793103448,0.0,1.1034482758620692,0.4137931034482759,1.6551724137931034,0.5517241379310345,2.2068965517241383,0.4137931034482759
2019-05-26,0.1388888888888889,0.8333333333333334,1.8055555555555556,0.1388888888888889,1.6666666666666667,0.0,0.1388888888888889,1.1111111111111112,0.4166666666666667,1.3888888888888888
2019-06-02,1.1142061281337048,0.0,1.6713091922005572,0.0,1.6713091922005572,0.0,0.0,0.5571030640668524,0.4178272980501393,0.2785515320334262
2019-06-09,0.651890482398957,0.3911342894393742,1.303780964797914,0.0,1.303780964797914,0.0,1.9556714471968708,0.651890482398957,1.1734028683181226,0.2607561929595828
2019-06-16,0.1457725947521866,0.0,0.43731778425655976,0.0,0.2915451895043732,0.1457725947521866,0.0,1.3119533527696794,0.43731778425655976,2.186588921282799
2019-06-23,0.6802721088435374,0.4081632653061225,0.6802721088435374,0.0,0.6802721088435374,0.0,0.13605442176870747,0.8163265306122449,0.8163265306122449,0.13605442176870747
2019-06-30,0.42796005706134094,3.4236804564907275,4.70756062767475,0.0,4.564907275320969,0.14265335235378032,0.5706134094151213,0.7132667617689016,0.9985734664764622,0.8559201141226819
2019-07-07,0.5571030640668524,0.0,1.3927576601671308,0.0,1.2534818941504178,0.1392757660167131,1.2534818941504178,2.9247910863509747,3.481894150417828,1.532033426183844
2019-07-14,0.27739251040221913,0.5547850208044383,0.8321775312066574,0.0,0.4160887656033287,0.4160887656033287,0.0,1.2482662968099858,0.13869625520110954,0.5547850208044383
2019-07-21,1.5277777777777777,0.1388888888888889,0.6944444444444444,0.0,0.6944444444444444,0.0,0.4166666666666667,1.25,1.5277777777777777,1.25
2019-07-28,0.273972602739726,1.9178082191780823,1.2328767123287672,0.136986301369863,0.6849315068493149,0.410958904109589,0.547945205479452,0.9589041095890412,2.3287671232876708,0.6849315068493149
2019-08-04,3.9295392953929538,0.0,1.8970189701897016,0.0,1.8970189701897016,0.0,0.13550135501355012,0.5420054200542005,0.5420054200542005,1.2195121951219512
2019-08-11,0.0,0.0,0.0,0.0,0.0,0.0,0.0,0.0,0.0,0.0
2019-08-18,0.0,1.4084507042253522,1.4084507042253522,0.0,0.0,1.4084507042253522,0.0,2.8169014084507045,1.4084507042253522,0.0
2019-08-25,0.5277044854881267,0.0,0.9234828496042216,0.0,0.9234828496042216,0.0,0.0,1.0554089709762533,0.6596306068601583,1.58311345646438
2019-09-01,0.26702269692923897,0.0,0.9345794392523364,0.0,0.9345794392523364,0.0,0.4005340453938585,1.7356475300400531,0.6675567423230975,3.0707610146862483
2019-09-08,0.9459459459459459,0.9459459459459459,0.8108108108108109,0.0,0.5405405405405406,0.2702702702702703,0.0,0.40540540540540543,0.13513513513513514,0.40540540540540543
2019-09-15,0.8075370121130552,0.0,1.6150740242261103,0.2691790040376851,0.9421265141318976,0.4037685060565276,0.0,0.4037685060565276,0.0,0.6729475100942126
2019-09-22,0.0,0.0,0.0,0.0,0.0,0.0,0.0,0.0,0.0,0.0
2019-09-29,0.4143646408839779,0.0,0.0,0.0,0.0,0.0,0.0,1.2430939226519335,0.2762430939226519,0.5524861878453038
2019-10-06,0.0,0.0,0.0,0.0,0.0,0.0,0.0,0.0,0.0,0.0
2019-10-13,0.13315579227696406,0.0,0.2663115845539281,0.0,0.2663115845539281,0.0,0.13315579227696406,1.8641810918774968,1.0652463382157125,1.5978695073235687
2019-10-20,0.7012622720897616,0.0,2.6647966339410942,0.1402524544179523,0.9817671809256662,1.5427769985974753,0.2805049088359046,3.2258064516129035,0.8415147265077139,0.7012622720897616
2019-10-27,0.6839945280437756,0.4103967168262654,0.8207934336525308,0.13679890560875513,0.4103967168262654,0.27359781121751026,0.27359781121751026,1.2311901504787959,1.0943912448700408,0.6839945280437756
2019-11-03,0.0,0.0,0.0,0.0,0.0,0.0,0.0,0.0,0.0,0.0
2019-11-10,0.7947019867549668,0.13245033112582782,0.3973509933774834,0.0,0.3973509933774834,0.0,0.0,1.7218543046357615,0.26490066225165565,0.26490066225165565
2019-11-17,0.0,0.2534854245880861,0.12674271229404308,0.0,0.12674271229404308,0.0,0.0,0.5069708491761723,0.2534854245880861,1.2674271229404308
2019-11-24,0.1342281879194631,0.0,2.013422818791946,1.2080536912751678,0.0,0.8053691275167786,0.0,0.8053691275167786,1.0738255033557047,0.9395973154362416
2019-12-01,0.2684563758389262,0.1342281879194631,0.2684563758389262,0.0,0.2684563758389262,0.0,0.0,2.013422818791946,1.4765100671140938,1.0738255033557047
2019-12-08,3.840877914951989,0.0,0.9602194787379972,0.0,0.9602194787379972,0.0,0.41152263374485604,0.41152263374485604,0.0,1.0973936899862824
2019-12-15,0.3851091142490373,0.8985879332477535,1.2836970474967908,0.12836970474967907,1.1553273427471118,0.0,0.0,2.82413350449294,0.0,0.3851091142490373
2019-12-22,0.1371742112482853,0.0,0.41152263374485604,0.0,0.2743484224965706,0.1371742112482853,0.9602194787379972,0.6858710562414266,1.3717421124828533,0.8230452674897121
2019-12-29,0.0,0.0,0.0,0.0,0.0,0.0,0.0,0.0,0.0,0.0
2020-01-05,1.1386470194239784,0.4018754186202277,1.0716677829872738,0.0,0.9377093101138648,0.13395847287340926,0.2679169457468185,1.4735432016075016,1.406563965170797,1.0046885465505693
2020-01-12,0.1342281879194631,0.0,0.4026845637583893,0.0,0.4026845637583893,0.0,0.0,0.5369127516778524,0.1342281879194631,0.5369127516778524
2020-01-19,0.0,0.0,0.0,0.0,0.0,0.0,0.0,0.0,0.0,0.0
2020-01-26,0.13386880856760375,0.0,0.13386880856760375,0.0,0.13386880856760375,0.0,0.0,0.2677376171352075,0.13386880856760375,0.13386880856760375
2020-02-02,0.0,0.0,0.0,0.0,0.0,0.0,0.0,0.0,0.0,0.0
2020-02-09,0.0,0.46875,1.40625,0.3125,1.09375,0.0,0.0,0.3125,0.0,0.46875
2020-02-16,0.7396449704142012,0.0,0.8875739644970414,0.0,0.8875739644970414,0.0,0.0,0.4437869822485207,0.0,0.14792899408284024
2020-02-23,1.833568406205924,0.14104372355430184,1.833568406205924,0.0,1.6925246826516216,0.14104372355430184,0.0,0.4231311706629055,0.0,0.14104372355430184
2020-03-01,1.7955801104972375,0.9668508287292816,3.7292817679558015,0.0,3.7292817679558015,0.0,0.0,0.5524861878453038,0.0,0.13812154696132595
2020-03-08,0.8097165991902834,0.5398110661268556,1.6194331983805668,0.1349527665317139,1.214574898785425,0.2699055330634278,0.0,0.8097165991902834,0.0,0.4048582995951417
2020-03-15,0.796812749003984,1.4608233731739706,2.3904382470119523,0.0,2.1248339973439574,0.2656042496679947,0.2656042496679947,1.7264276228419653,0.398406374501992,0.398406374501992
2020-03-22,1.9363762102351316,0.13831258644536654,1.9363762102351316,0.0,1.9363762102351316,0.0,0.8298755186721992,0.6915629322268326,0.2766251728907331,0.4149377593360996
2020-03-29,0.8333333333333334,0.2777777777777778,2.2222222222222223,0.1388888888888889,2.083333333333333,0.0,0.0,0.5555555555555556,0.1388888888888889,0.2777777777777778
2020-04-05,0.6587615283267457,1.9762845849802373,2.635046113306983,0.0,2.5032938076416342,0.13175230566534915,0.0,0.7905138339920948,0.0,0.0
2020-04-12,0.7102272727272727,0.5681818181818182,1.4204545454545454,0.0,1.2784090909090908,0.14204545454545456,0.0,1.7045454545454544,0.0,0.0
2020-04-19,1.434159061277705,0.3911342894393742,2.607561929595828,0.0,2.0860495436766624,0.5215123859191656,0.651890482398957,0.7822685788787485,0.2607561929595828,0.1303780964797914
2020-04-26,0.3294892915980231,1.3179571663920924,1.8121911037891267,0.0,1.6474464579901154,0.16474464579901155,0.0,0.6589785831960462,0.0,0.16474464579901155
2020-05-03,0.8241758241758242,0.13736263736263735,1.0989010989010992,0.0,1.0989010989010992,0.0,0.5494505494505495,1.3736263736263736,0.9615384615384616,0.27472527472527475
2020-05-10,1.3440860215053765,0.4032258064516129,2.28494623655914,0.0,2.1505376344086025,0.13440860215053765,0.0,1.3440860215053765,0.13440860215053765,0.4032258064516129
2020-05-17,0.8997429305912596,0.0,0.0,0.0,0.0,0.0,0.12853470437017994,0.7712082262210797,0.3856041131105398,0.3856041131105398
2020-05-24,0.0,0.0,0.0,0.0,0.0,0.0,0.0,0.0,0.0,0.0
2020-05-31,0.9873060648801129,0.0,0.5641748942172073,0.0,0.2820874471086037,0.2820874471086037,0.0,1.9746121297602257,0.5641748942172073,0.9873060648801129
2020-06-07,0.0,0.0,0.0,0.0,0.0,0.0,0.0,0.0,0.0,0.0
2020-06-14,0.6069802731411229,0.4552352048558422,2.2761760242792106,0.0,1.6691957511380882,0.6069802731411229,0.0,0.6069802731411229,0.0,0.6069802731411229
2020-06-21,0.5420054200542005,2.032520325203252,2.168021680216802,0.0,1.6260162601626018,0.5420054200542005,0.0,0.8130081300813009,0.13550135501355012,0.8130081300813009
2020-06-28,1.4925373134328357,0.0,0.27137042062415195,0.0,0.27137042062415195,0.0,0.0,0.6784260515603799,1.2211668928086838,0.8141112618724559
2020-07-05,0.392156862745098,0.7843137254901961,1.96078431372549,0.0,1.96078431372549,0.0,0.392156862745098,1.437908496732026,1.045751633986928,0.7843137254901961
2020-07-12,0.2631578947368421,0.3947368421052632,0.2631578947368421,0.0,0.2631578947368421,0.0,0.13157894736842105,1.4473684210526316,0.7894736842105263,1.1842105263157896
2020-07-19,0.7905138339920948,0.5270092226613966,1.4492753623188406,0.13175230566534915,1.3175230566534917,0.0,2.766798418972332,0.6587615283267457,0.9222661396574441,0.13175230566534915
2020-07-26,2.7624309392265194,0.2762430939226519,1.5193370165745856,0.0,1.5193370165745856,0.0,0.13812154696132595,0.4143646408839779,0.13812154696132595,0.5524861878453038
2020-08-02,1.9815059445178336,0.13210039630118892,1.717305151915456,0.13210039630118892,1.5852047556142668,0.0,0.9247027741083224,1.717305151915456,0.3963011889035667,0.13210039630118892
2020-08-09,0.0,0.0,0.0,0.0,0.0,0.0,0.0,0.0,0.0,0.0
2020-08-16,0.0,0.0,0.0,0.0,0.0,0.0,0.0,0.0,0.0,0.0
2020-08-23,1.3924050632911391,1.139240506329114,1.89873417721519,0.0,1.3924050632911391,0.5063291139240507,0.0,0.5063291139240507,0.5063291139240507,0.2531645569620253
2020-08-30,0.2677376171352075,0.2677376171352075,1.7402945113788488,0.0,1.7402945113788488,0.0,0.0,0.6693440428380187,0.535475234270415,0.6693440428380187
2020-09-06,1.6786570743405276,3.117505995203837,0.4796163069544364,0.0,0.4796163069544364,0.0,0.0,0.4796163069544364,0.0,0.7194244604316548
2020-09-13,2.8187919463087248,0.1342281879194631,1.0738255033557047,0.0,1.0738255033557047,0.0,0.6711409395973155,0.5369127516778524,1.342281879194631,0.1342281879194631
2020-09-20,0.2886002886002886,0.0,1.5873015873015872,0.0,1.5873015873015872,0.0,0.4329004329004329,2.3088023088023086,1.2987012987012987,0.2886002886002886
2020-09-27,0.4424778761061947,0.7374631268436578,0.7374631268436578,0.0,0.7374631268436578,0.0,0.0,1.0324483775811208,0.0,1.327433628318584
2020-10-04,0.0,0.0,0.0,0.0,0.0,0.0,0.0,0.0,0.0,0.0
2020-10-11,2.8688524590163933,0.0,1.639344262295082,0.0,1.639344262295082,0.0,0.5464480874316939,1.3661202185792352,0.27322404371584696,0.27322404371584696
2020-10-18,0.0,0.0,0.0,0.0,0.0,0.0,0.0,0.0,0.0,0.0
2020-10-25,0.5383580080753702,0.0,0.9421265141318976,0.0,0.4037685060565276,0.5383580080753702,0.13458950201884254,0.6729475100942126,0.5383580080753702,1.2113055181695829
2020-11-01,0.0,0.0,0.0,0.0,0.0,0.0,0.0,0.0,0.0,0.0
2020-11-08,0.4016064257028112,0.0,0.13386880856760375,0.0,0.13386880856760375,0.0,0.0,0.2677376171352075,0.13386880856760375,0.9370816599732262
2020-11-15,1.03359173126615,0.0,0.3875968992248062,0.0,0.12919896640826875,0.2583979328165375,0.0,0.7751937984496124,0.516795865633075,1.162790697674419
2020-11-22,2.8806584362139915,0.0,2.05761316872428,0.41152263374485604,1.6460905349794241,0.0,0.1371742112482853,1.6460905349794241,0.8230452674897121,0.6858710562414266
2020-11-29,0.2728512960436562,0.2728512960436562,0.0,0.0,0.0,0.0,0.0,1.364256480218281,0.0,1.7735334242837657
2020-12-06,0.43923865300146414,0.0,0.2928257686676428,0.14641288433382138,0.14641288433382138,0.0,0.0,2.635431918008785,0.0,0.43923865300146414
2020-12-13,0.40540540540540543,0.13513513513513514,0.9459459459459459,0.0,0.9459459459459459,0.0,0.0,1.2162162162162162,0.5405405405405406,2.4324324324324325
