date,economy,reform_market,intervention,reform,intervention_support,intervention_tax_cut,regulation,intervention_spending,finance,reform_innovation
2016-04-17,0.9633911368015412,0.674373795761079,0.0,0.3853564547206166,0.0,0.0,0.09633911368015416,0.0,0.0,0.1926782273603083
2016-04-24,0.5820503191888847,0.5632745024408562,0.4506196019526849,0.4318437852046564,0.4318437852046564,0.0,0.3942921517085993,0.01877581674802854,0.07510326699211416,0.3379647014645137
2016-05-01,0.5958747135217723,0.33613445378151263,0.3819709702062644,0.3972498090145149,0.33613445378151263,0.0,0.29029793735676085,0.04583651642475172,0.015278838808250572,0.5042016806722689
2016-05-08,3.0397022332506203,0.4962779156327544,0.8374689826302729,0.7754342431761787,0.8064516129032258,0.03101736972704715,0.2791563275434243,0.0,0.15508684863523575,0.9305210918114144
2016-05-15,0.9785550697480742,1.0410160316468873,0.8744534665833853,1.7280866125338328,0.7911721840516344,0.04164064126587549,1.4574224443056425,0.04164064126587549,0.10410160316468876,0.5413283364563815
2016-05-22,1.3164621676891617,1.2397750511247445,0.5495910020449898,1.3803680981595092,0.4984662576687117,0.051124744376278126,0.4856850715746421,0.0,0.1278118609406953,0.7796523517382413
2016-05-29,1.099495313626532,0.558759913482336,0.16222062004325882,1.2797404470079308,0.09012256669069936,0.07209805335255948,0.32444124008651765,0.0,0.14419610670511895,0.7750540735400144
2016-06-05,0.4452817263230005,0.7878061311868471,0.32539818462065423,1.318718958725809,0.2568933036478849,0.0,0.3425244048638465,0.0685048809727693,0.08563110121596164,1.0789518753211167
2016-06-12,0.9441384736428008,0.8261211644374508,0.1966955153422502,1.4162077104642017,0.15735641227380015,0.03933910306845004,0.07867820613690008,0.0,0.0,0.9834775767112508
2016-06-19,0.5157297576070139,1.1861784424961321,0.1031459515214028,0.7220216606498195,0.07735946364105209,0.0257864878803507,0.28365136668385765,0.0,0.0515729757607014,0.4383702939659618
2016-06-26,0.9910117538603364,0.4839824844434202,1.7515556579857108,1.7054620880387186,1.728508873012215,0.0,0.3917953445494353,0.0230467849734962,2.1433510025351463,0.8296842590458631
2016-07-03,1.6591038003403291,0.9146341463414632,0.3899602949517868,1.7796369824163358,0.3119682359614294,0.07090187180941576,0.3190584231423709,0.007090187180941576,0.6097560975609756,0.4821327283040272
2016-07-10,0.2835951134380453,0.5890052356020943,0.1963350785340314,0.4581151832460733,0.1963350785340314,0.0,0.5235602094240838,0.0,0.10907504363001744,0.2181500872600349
2016-07-17,2.012777746367388,0.6615027986656866,0.3788092949624018,0.6162718380731611,0.3618476847402047,0.016961610222197096,0.07350031096285407,0.0,0.06784644088878837,0.3222705942217448
2016-07-24,2.444021659593151,0.8049173130396605,0.49758524806088106,1.6244694863164058,0.4829503878237963,0.014634860237084737,0.2926972047416947,0.0,0.8780916142250841,0.7317430118542367
2016-07-31,0.7092198581560284,0.384160756501182,0.7387706855791962,0.44326241134751776,0.6205673758865249,0.1182033096926714,0.2364066193853428,0.0,0.8717494089834515,0.10342789598108748
2016-08-07,0.0,0.0,0.4878048780487805,0.0,0.4878048780487805,0.0,0.0,0.0,0.0,0.0
2016-08-14,0.0,0.0,0.0,0.0,0.0,0.0,0.0,0.0,0.0,0.0
2016-08-21,0.559310184106269,0.9554882311815428,0.20974131903985085,0.3961780470752739,0.1631321370309951,0.0,0.2796550920531345,0.04660918200885575,0.2796550920531345,0.023304591004427874
2016-08-28,0.6378084483479716,0.2927645336679214,0.3345880384776244,0.6587202007528231,0.3136762860727729,0.0,0.1986616478460895,0.02091175240485153,0.010455876202425765,0.5750731911334169
2016-09-04,0.4177234074295092,0.5818290317768163,0.253617783082202,0.6116664180217812,0.23869908995971956,0.0,0.5669103386543339,0.014918693122482469,0.1491869312248247,0.6415038042667462
2016-09-11,0.4784162771514984,0.3739345614517459,0.3464393731097058,0.2694528457519934,0.3464393731097058,0.0,0.054990376684080286,0.0,0.13747594171020072,0.0769865273577124
2016-09-18,0.28109627547434995,1.1419536191145467,0.21082220660576245,0.4216444132115249,0.1932536893886156,0.0,0.2283907238229093,0.017568517217146872,0.035137034434293744,0.07027406886858749
2016-09-25,0.7202252340732009,0.8937340404635631,0.18005630851830026,0.3633863681005696,0.17023505532639294,0.006547502127938192,0.11785503830288745,0.003273751063969096,0.08511752766319647,0.09821253191907288
2016-10-02,0.5218787635487756,0.8831794460056202,0.10036130068245684,0.5218787635487756,0.10036130068245684,0.0,0.08028904054596547,0.0,0.02007226013649137,0.16057808109193095
2016-10-09,0.4527101431542885,0.6117704637220115,0.25694359476324485,0.7096537379175334,0.2324727762143644,0.02447081854888046,0.3792976875076472,0.0,0.2447081854888046,0.3548268689587667
2016-10-16,0.9458009122618728,0.4963777837402736,0.35551381808425003,0.8585994097129058,0.34209820230748594,0.0,0.1408639656560236,0.013415615776764155,0.09390931043734907,0.7110276361685001
2016-10-23,1.053595968850206,0.8703618873110398,0.4580852038479157,1.3742556115437472,0.4580852038479157,0.0,0.1374255611543747,0.0,0.1374255611543747,0.3664681630783326
2016-10-30,0.3980099502487562,0.4975124378109453,0.0,0.5970149253731344,0.0,0.0,0.2985074626865672,0.0,0.0,0.09950248756218903
2016-11-06,0.5725895825637236,0.6372367934983376,0.28167713335796085,0.2955301071296638,0.27705947543405984,0.0,0.07850018470631695,0.004617657923900997,0.2124122644994459,0.2262652382711489
2016-11-13,1.0304757728568297,0.7016005262003947,0.263100197325148,0.5700504275378206,0.17540013155009868,0.065775049331287,0.08770006577504934,0.02192501644376233,0.3727252795439596,0.263100197325148
2016-11-20,0.6668313163744134,0.4816003951592986,0.35811311434922205,0.5680414917263522,0.3334156581872067,0.0,0.27167201778216843,0.02469745616201531,0.07409236848604593,0.23462583353914546
2016-11-27,0.3033257501895786,0.5633192503520745,0.23832737514895455,1.094139313183837,0.23832737514895455,0.0,0.6283176253926985,0.0,0.054165312533853316,0.5416531253385333
2016-12-04,0.5495368189668708,0.5338357669963888,0.7065473386716911,0.9420631182289214,0.3297220913801225,0.3611241953210865,0.5495368189668708,0.015701051970482018,0.06280420788192809,0.25121683152771235
2016-12-11,1.0171869519466854,1.473167309715889,0.526131182041389,0.6664328305857594,0.35075412136092604,0.17537706068046302,0.3156787092248334,0.0,0.07015082427218519,0.3156787092248334
2016-12-18,0.3887269193391642,1.1661807580174928,0.1943634596695821,0.0,0.1943634596695821,0.0,0.2915451895043732,0.0,0.0,0.0
2016-12-25,0.41715334556983147,0.4004672117470383,0.3337226764558652,0.8509928249624562,0.2502920073418989,0.0834306691139663,0.30035040881027864,0.0,0.06674453529117304,0.5005840146837978
2017-01-01,0.3336908592539626,1.3585984983911332,0.3575259206292456,0.4886187581933024,0.3098557978786796,0.03575259206292456,0.1787629603146228,0.011917530687641521,0.07150518412584912,0.2502681444404719
2017-01-08,0.7323568575233023,0.8322237017310253,0.4161118508655127,1.3482023968042611,0.1997336884154461,0.09986684420772304,1.2483355525965378,0.11651131824234355,0.01664447403462051,0.4161118508655127
2017-01-15,0.2452182442373713,0.7356547327121138,0.2452182442373713,0.5394801373222168,0.196174595389897,0.04904364884747425,1.2260912211868562,0.0,0.34330554193231977,0.14713094654242276
2017-01-22,1.6660881638320029,0.7636237417563346,0.4165220409580007,0.6594932315168344,0.3297466157584172,0.08677542519958348,0.17355085039916696,0.0,0.06942034015966678,0.4165220409580007
2017-01-29,0.2344166222695791,13.692061800745874,0.06393180607352157,0.3622802344166223,0.05327650506126798,0.0,0.04262120404901439,0.010655301012253595,0.010655301012253595,0.17048481619605754
2017-02-05,0.2744932432432433,0.8023648648648648,0.08445945945945946,0.10557432432432433,0.04222972972972973,0.0,0.7390202702702703,0.04222972972972973,0.0,0.0633445945945946
2017-02-12,0.3157562361856647,0.6946637196084623,0.2526049889485317,0.5683612251341964,0.15787811809283234,0.0947268708556994,1.2946005683612252,0.0,0.0,0.2841806125670982
2017-02-19,0.05834305717619603,0.3500583430571762,0.7584597432905484,0.3500583430571762,0.05834305717619603,0.7001166861143524,0.11668611435239205,0.0,0.0,0.0
2017-02-26,0.6543494996150885,0.5260456761611496,0.5132152938157557,0.7056710289966641,0.3207595586348473,0.1924557351809084,0.603027970233513,0.0,0.03849114703618168,0.5132152938157557
2017-03-05,0.8356114922370659,0.7066591014597411,0.500335276216021,0.9748800742765772,0.35075050291432397,0.13411048640841802,0.6344457626244391,0.015474286893279,0.20632382524372006,0.3404343116521381
2017-03-12,0.7420778178900923,0.4412354592860008,0.36101083032490977,0.9025270758122744,0.2607300441235459,0.10028078620136384,0.2807862013638187,0.0,0.0,0.36101083032490977
2017-03-19,0.6563061110767135,1.151631477927063,0.21670484799702805,0.3900687263946505,0.09906507337006996,0.10525664045569934,0.13002290879821685,0.012383134171258746,0.08049037211318184,0.2290879821682868
2017-03-26,0.5453501722158438,8.073642775135312,0.14761358044940134,0.34033131048056425,0.12711169427587338,0.008200754469411185,0.15581433491881252,0.01230113170411678,0.0574052812858783,0.19271773003116285
2017-04-02,0.5571439044058354,1.0776336045744448,0.14661681694890402,0.4105270874569313,0.13928597610145885,0.0,0.14661681694890402,0.007330840847445202,0.029323363389780806,0.10263177186423282
2017-04-09,1.5938303341902311,0.6683804627249357,0.5312767780634104,1.2339331619537277,0.4798628963153385,0.03427592116538132,0.35989717223650386,0.01713796058269066,0.18851756640959727,0.6341045415595544
2017-04-16,0.2422089455837236,1.8084934603584693,0.20991441950589376,0.16147263038914905,0.20991441950589376,0.0,0.17761989342806395,0.0,0.06458905215565962,0.016147263038914905
2017-04-23,0.7247570416735301,0.6588700378850272,0.9388898039861638,1.1036073134574205,0.31296326799538793,0.6094547850436501,0.21413276231263384,0.016471750947125673,0.04941525284137704,0.7082852907264042
2017-04-30,0.2930832356389215,0.2930832356389215,0.3810082063305979,1.5240328253223916,0.23446658851113714,0.14654161781946073,0.7913247362250878,0.0,0.029308323563892142,0.9378663540445484
2017-05-07,0.4195804195804196,0.38461538461538464,0.9090909090909092,0.4545454545454545,0.9090909090909092,0.0,0.5244755244755245,0.0,0.8041958041958042,0.17482517482517482
2017-05-14,0.6396031849627986,1.3314188748205196,0.3002219031458034,0.469912544054301,0.27411565069834226,0.0,0.10442500978984467,0.02610625244746117,0.10442500978984467,0.32632815559326456
2017-05-21,0.2957486136783733,1.1829944547134934,0.6469500924214419,0.7024029574861368,0.3512014787430684,0.2957486136783733,0.3696857670979667,0.0,0.14787430683918668,0.3512014787430684
2017-05-28,0.2998001332445037,0.7328447701532311,0.3331112591605596,0.3664223850766156,0.2664890073284477,0.06662225183211193,0.2998001332445037,0.0,0.06662225183211193,0.1665556295802798
2017-06-04,0.67543547813722,1.2086740135087095,0.32705296836118025,0.8105225737646641,0.29861357980803416,0.014219694276573052,0.16352648418059013,0.014219694276573052,0.10664770707429792,0.6541059367223605
2017-06-11,0.2402562733582488,1.601708489054992,0.9877202349172453,0.5072076882007475,0.2669514148424987,0.7207688200747464,0.34703683929524826,0.0,0.08008542445274959,0.5605979711692471
2017-06-18,0.638350110483673,0.7611097471151486,0.6629020378099681,1.276700220967346,0.5646943285047876,0.09820770930518044,0.7365578197888534,0.0,0.9329732383992144,0.3191750552418365
2017-06-25,1.2315270935960592,1.7241379310344829,0.6157635467980296,1.0946907498631635,0.5610290093048714,0.02736726874657909,0.5062944718117132,0.02736726874657909,0.150519978106185,0.8073344280240832
2017-07-02,1.293631353337416,1.006582976117575,0.5549601959583589,0.9912737293325168,0.3597672994488671,0.17605633802816906,0.577924066135946,0.01913655848132272,0.05740967544396816,0.4975505205143907
2017-07-09,0.31919744642042863,0.6383948928408573,0.4103967168262654,1.185590515275878,0.364797081623347,0.045599635202918376,0.729594163246694,0.0,0.31919744642042863,0.1823985408116735
2017-07-16,0.4352030947775629,0.7253384912959381,0.19342359767891684,1.0638297872340423,0.19342359767891684,0.0,0.5319148936170213,0.0,0.0,0.8220502901353964
2017-07-23,0.4601226993865031,1.2781186094069528,0.6390593047034765,1.0480572597137017,0.5879345603271984,0.0,0.2556237218813906,0.051124744376278126,0.17893660531697342,0.40899795501022496
2017-07-30,0.3352891869237217,2.0536462699077958,0.6286672254819782,0.2095557418273261,0.5029337803855826,0.08382229673093043,0.4610226320201173,0.041911148365465216,0.37720033528918695,0.0
2017-08-06,0.7845701209545604,1.0460934946060805,0.7191892775416803,1.634521085322001,0.3595946387708401,0.3595946387708401,0.3269042170644001,0.0,0.0,1.6672115070284408
2017-08-13,0.534147272033575,0.6104540251812286,0.2670736360167875,1.4879816863792446,0.2670736360167875,0.0,0.19076688286913396,0.0,0.03815337657382679,0.6486074017550554
2017-08-20,0.4380201489268506,0.7008322382829612,0.4599211563731931,1.445466491458607,0.1971090670170828,0.24091108190976784,0.5913272010512484,0.02190100744634253,0.08760402978537013,0.08760402978537013
2017-08-27,0.43923865300146414,0.6149341142020498,1.4055636896046853,2.342606149341142,1.259150805270864,0.14641288433382138,1.3469985358711567,0.0,0.9956076134699852,1.2005856515373352
2017-09-03,0.20716188221367265,0.6510802012429713,0.9766203018644568,1.5685113939035218,0.8582420834566441,0.11837821840781294,0.6214856466410181,0.0,0.2663509914175792,1.0062148564664102
2017-09-10,0.41582052025916255,0.4931824775166812,0.2901073397156948,0.8606517744898946,0.280437095058505,0.0,0.7155981046320472,0.009670244657189828,0.038680978628759306,0.3674692969732134
2017-09-17,1.5797032072762087,0.8855911919578746,0.3350885591191958,1.1249401627573,0.3111536620392532,0.02393489707994256,0.5026328386787937,0.0,0.3350885591191958,0.5026328386787937
2017-09-24,2.643171806167401,0.4004805766920304,0.3203844613536244,1.0412494993992791,0.3203844613536244,0.0,1.1613936724068885,0.0,0.08009611533840609,1.2414897877452944
2017-10-01,0.5693296602387512,1.5243342516069789,1.5610651974288337,1.2855831037649221,1.3957759412304866,0.1652892561983471,0.2571166207529844,0.0,0.6611570247933884,0.6978879706152433
2017-10-08,0.0,0.0,0.0,0.0,0.0,0.0,0.0,0.0,0.0,0.0
2017-10-15,0.1991238550378335,0.2787733970529669,0.43807248108323377,0.8363201911589008,0.39824771007566706,0.03982477100756671,0.23894862604540024,0.0,0.0,0.03982477100756671
2017-10-22,0.3947368421052632,1.1842105263157896,0.06578947368421052,0.7236842105263158,0.06578947368421052,0.0,0.06578947368421052,0.0,0.0,0.1973684210526316
2017-10-29,0.4081632653061225,0.4081632653061225,0.0,0.6122448979591837,0.0,0.0,0.4761904761904762,0.0,0.06802721088435372,0.06802721088435372
2017-11-05,0.5777007510109763,0.5199306759098787,0.25996533795493937,0.8954361640670132,0.14442518775274407,0.11554015020219525,0.17331022530329288,0.0,0.08665511265164644,0.11554015020219525
2017-11-12,0.4795974526299238,26.920355373850146,0.22800534633225886,0.23586759965406084,0.22800534633225886,0.0,0.03931126660901014,0.0,0.283041119584873,0.07076027989621825
2017-11-19,0.7858799278536459,0.7858799278536459,0.24478227261015198,0.3736150476681268,0.24478227261015198,0.0,0.1545993300695697,0.0,0.2061324400927596,0.21901571759855706
2017-11-26,0.7044911309598691,0.4654673543841993,0.1887029815071078,0.5283683482199019,0.1761227827399673,0.01258019876714052,0.20128318027424832,0.0,0.11322178890426468,0.3648257642470751
2017-12-03,0.5411155304782167,0.8186106743131996,0.2774951438349829,0.3006197391545648,0.2682453057071501,0.009249838127832763,0.06937378595874573,0.0,0.2867449819628156,0.18037184349273888
2017-12-10,0.16989466530750932,1.1552837240910634,0.37376826367652055,0.3058103975535168,0.2378525314305131,0.0,0.4757050628610262,0.13591573224600748,0.03397893306150187,0.2378525314305131
2017-12-17,0.3871351995235259,0.44669446098868376,0.5955926146515783,0.7147111375818941,0.5062537224538416,0.05955926146515784,0.8636092912447886,0.02977963073257892,0.2382370458606313,0.1786777843954735
2017-12-24,0.4013377926421404,0.9364548494983276,0.7357859531772575,0.13377926421404682,0.7357859531772575,0.0,0.13377926421404682,0.0,0.33444816053511706,0.2006688963210702
2017-12-31,0.7029876977152899,0.3514938488576449,0.0,0.7029876977152899,0.0,0.0,1.4059753954305798,0.0,0.0,0.0
2018-01-07,0.2501042100875365,0.41684035014589416,0.5835764902042517,1.9174656106711128,0.5002084201750729,0.04168403501458941,0.8336807002917883,0.04168403501458941,0.08336807002917883,0.8336807002917883
2018-01-14,0.5750569066730562,0.5031747933389241,0.20366598778004072,0.08386246555648735,0.20366598778004072,0.0,0.07188211333413203,0.0,0.011980352222355335,0.059901761111776676
2018-01-21,0.27277686852154936,0.27277686852154936,0.2182214948172395,1.3638843426077467,0.2182214948172395,0.0,0.6546644844517185,0.0,0.0,0.3818876159301691
2018-01-28,0.7506053268765133,0.5084745762711864,0.4116222760290557,1.5254237288135597,0.2421307506053269,0.1694915254237288,0.4842615012106538,0.0,0.024213075060532687,0.3389830508474576
2018-02-04,0.3638884075550165,1.1263212614798128,0.4505285045919251,0.5025125628140703,0.4505285045919251,0.0,0.1386241552590539,0.0,0.12129613585167215,0.19060821348119908
2018-02-11,0.4297114794352364,0.7366482504604052,0.3069367710251688,0.8594229588704727,0.3069367710251688,0.0,0.6445672191528545,0.0,0.061387354205033766,0.3683241252302026
2018-02-18,0.21849963583394028,0.07283321194464676,0.14566642388929352,0.14566642388929352,0.0,0.0,0.0,0.14566642388929352,0.0,0.07283321194464676
2018-02-25,0.0,0.0,0.0,0.0,0.0,0.0,0.0,0.0,0.0,0.0
2018-03-04,0.6118286879673691,0.27192386131883073,0.20394289598912305,1.563562202583277,0.20394289598912305,0.0,0.6798096532970768,0.0,0.0,0.6118286879673691
2018-03-11,0.7929976808558391,0.4862721627889578,0.5386399341662302,1.2418642926610308,0.4563477220019451,0.08229221216428519,0.5685643749532431,0.0,0.3216877384603875,0.41894217101817904
2018-03-18,0.5199306759098787,3.379549393414212,0.17331022530329288,1.2998266897746966,0.17331022530329288,0.0,0.0,0.0,0.0,0.43327556325823213
2018-03-25,0.704111362900615,0.8416963418582066,0.1861443832955649,0.7688572353512464,0.16186468112657815,0.024279702168986728,0.19423761735189385,0.0,0.07283910650696017,0.10521204273227584
2018-04-01,0.6294768830041242,0.8682439765574127,1.3891903624918602,0.7814195789016715,1.085304970696766,0.30388539179509444,0.3690036900369004,0.0,0.5860646841762536,0.19535489472541787
2018-04-08,0.6922810661128418,0.4845967462789893,0.9691934925579786,0.8653513326410524,0.5538248528902735,0.4153686396677051,0.9345794392523364,0.0,0.13845621322256838,0.380754586362063
2018-04-15,0.2660360626662725,0.9459060005911912,0.31037540644398465,0.7537688442211055,0.22169671888856046,0.044339343777712086,0.13301803133313625,0.044339343777712086,0.13301803133313625,0.48773278155483296
2018-04-22,0.4909180166912125,0.29455081001472755,0.5891016200294551,1.325478645066274,0.4418262150220913,0.09818360333824253,0.14727540500736375,0.049091801669121256,0.0,1.0800196367206676
2018-04-29,0.4498875281179705,0.3999000249937516,0.8497875531117219,0.4998750312421895,0.6998250437390653,0.14996250937265682,0.7248187953011748,0.0,0.34991252186953264,0.24993751562109476
2018-05-06,0.32147212060747143,0.4655803126039242,0.3547278572220375,0.6318589956767542,0.32147212060747143,0.0,1.3191442190444522,0.03325573661456601,0.36581310276022616,0.17736392861101874
2018-05-13,0.6281873754601641,1.3509405923874498,0.1958863858961802,0.3715086629065487,0.17224492552939985,0.016886757404843127,0.010132054442905871,0.006754702961937249,0.0979431929480901,0.16886757404843122
2018-05-20,0.15022533800701052,0.400600901352028,0.200300450676014,0.3505257886830245,0.15022533800701052,0.0,0.9514271407110666,0.050075112669003496,0.050075112669003496,0.0
2018-05-27,0.6230529595015576,2.6754627084478653,0.5131024372365769,0.9712296133406634,0.4214770020157596,0.07330034817665385,0.4214770020157596,0.018325087044163458,0.0916254352208173,0.23822613157412495
2018-06-03,0.6620892594409025,1.1034820990681709,0.2942618930848455,0.4659146640510054,0.2942618930848455,0.0,0.5149583128984796,0.0,0.07356547327121138,0.2697400686611084
2018-06-10,0.2284669865204478,0.3655471784327165,0.2284669865204478,0.5940141649531643,0.2284669865204478,0.0,0.9595613433858808,0.0,0.6625542609092986,0.2970070824765821
2018-06-17,0.7992007992007992,0.7742257742257742,0.5744255744255744,0.6243756243756244,0.4745254745254745,0.0999000999000999,0.4745254745254745,0.0,0.0,0.34965034965034963
2018-06-24,0.4409448818897638,0.4724409448818898,1.4173228346456692,0.06299212598425198,1.2913385826771655,0.0,0.5354330708661417,0.12598425196850396,1.0708661417322831,0.0
2018-07-01,0.7277289836888331,1.4554579673776662,0.45169385194479295,0.6900878293601004,0.4140526976160602,0.025094102885821833,0.4642409033877039,0.012547051442910916,0.025094102885821833,0.26348808030112925
2018-07-08,0.6108683663513341,1.599287320239257,0.3181606074746532,0.3733084461035931,0.2927077588766809,0.004242141432995376,0.05090569719594451,0.02121070716497688,0.17392779875281042,0.15271709158783353
2018-07-15,0.6762952773956901,1.6448876662081613,0.33241632278771205,0.6476386978450253,0.3209536909674461,0.0,0.26937184777624945,0.01146263182026593,0.17193947730398898,0.2521779000458505
2018-07-22,0.29144322685940777,1.2940079272557703,0.4196782466775472,0.559570995570063,0.33807414315691303,0.03497318722312893,0.373047330380042,0.04663091629750525,0.04663091629750525,0.16320820704126834
2018-07-29,0.3480589022757697,0.4551539491298528,0.7228915662650602,0.18741633199464525,0.6157965194109772,0.10709504685408301,0.08032128514056225,0.0,0.42838018741633205,0.321285140562249
2018-08-05,0.0999000999000999,0.5494505494505495,0.24975024975024976,0.24975024975024976,0.24975024975024976,0.0,0.8991008991008992,0.0,0.0,0.0
2018-08-12,0.26595744680851063,0.7978723404255319,0.0,0.0,0.0,0.0,0.0,0.0,0.0,0.0
2018-08-19,1.5384615384615383,1.0526315789473684,2.9149797570850198,0.7287449392712549,2.42914979757085,0.4858299595141701,1.1336032388663968,0.0,0.24291497975708504,0.08097165991902834
2018-08-26,1.0037878787878791,0.7007575757575758,0.8333333333333334,1.0037878787878791,0.7954545454545454,0.03787878787878788,0.1325757575757576,0.0,0.625,0.3787878787878788
2018-09-02,0.4721589058938457,0.6838163464669489,1.1559752523607945,0.7652230543796809,0.569846955389124,0.5372842722240313,0.3907521979811137,0.048844024747639214,0.0976880494952784,0.5210029306414848
2018-09-09,0.5972474681900806,1.038691249026227,0.7790184367696702,0.9867566865749156,0.6232147494157362,0.15580368735393405,0.3635419371591794,0.0,0.3116073747078681,0.6751493118670475
2018-09-16,0.89171974522293,1.2391430225825129,0.26635784597568035,0.9612044006948466,0.26635784597568035,0.0,2.88361320208454,0.0,0.023161551823972202,0.3242617255356109
2018-09-23,1.1806043569922695,1.1876317638791287,0.7589599437807449,1.1595221363316937,0.4989458889669712,0.2600140548137737,0.3443429374560787,0.0,0.4286718200983837,0.6886858749121574
2018-09-30,0.8915304606240713,1.2427394299608268,0.8915304606240713,0.9185465351884372,0.7024179386735108,0.1756044846683777,0.3377009320545725,0.013508037282182896,0.10806429825746318,0.18911252195056055
2018-10-07,0.6405693950177936,1.99288256227758,0.498220640569395,0.9252669039145908,0.3558718861209964,0.1423487544483986,0.7117437722419928,0.0,0.0,0.21352313167259787
2018-10-14,0.4176527913128219,1.0023666991507727,0.3202004733398301,0.5847139078379507,0.3202004733398301,0.0,0.16010023666991507,0.0,0.08353055826256439,0.3062787136294028
2018-10-21,0.6582141893714594,1.8397626112759649,0.15646074993255998,0.6582141893714594,0.14567035338548692,0.010790396547073105,0.11869436201780414,0.0,0.08092797410304828,0.3075263015915835
2018-10-28,0.34034653465346537,0.9746287128712872,0.3094059405940594,0.7580445544554455,0.2475247524752475,0.061881188118811874,0.6033415841584159,0.0,0.2165841584158416,0.18564356435643564
2018-11-04,1.0771543086172346,0.751503006012024,0.7765531062124248,0.6763527054108216,0.7014028056112225,0.07515030060120241,0.4759519038076153,0.0,0.1002004008016032,0.35070140280561124
2018-11-11,1.352484797651499,1.28957852799329,1.28957852799329,0.7024533445166702,1.2057035017823443,0.0838750262109457,0.24114070035646884,0.0,0.8702033969385615,0.23065632208010065
2018-11-18,0.7114930787925751,1.743510267338241,0.2183790637878201,0.7713712091860097,0.1796343911803036,0.03522242964319679,0.1162340178225494,0.003522242964319679,0.1690676622873446,0.17611214821598395
2018-11-25,0.7176023638666104,1.0130856901646264,0.3799071338117349,0.2532714225411566,0.3799071338117349,0.0,0.6753904601097509,0.0,0.08442380751371886,0.04221190375685943
2018-12-02,0.6122852063993679,0.8888011060635987,0.8492988346829943,0.9875567845151096,0.8492988346829943,0.0,0.2567647639739285,0.0,0.15800908552241755,0.27651589966423074
2018-12-09,0.4918981481481482,0.4629629629629629,0.3761574074074074,1.9675925925925928,0.31828703703703703,0.057870370370370364,0.6655092592592593,0.0,0.11574074074074073,1.1574074074074074
2018-12-16,0.5148005148005148,0.3861003861003861,1.2441012441012442,0.9438009438009438,1.1583011583011582,0.0,0.0858000858000858,0.0858000858000858,0.2574002574002574,0.8580008580008579
2018-12-23,1.0281797410510285,1.5613099771515613,0.26656511805026656,1.8659558263518656,0.2284843869002285,0.0,0.2284843869002285,0.03808073115003808,0.03808073115003808,0.03808073115003808
2018-12-30,0.4690431519699813,0.37523452157598497,1.594746716697936,0.5628517823639775,1.3602251407129455,0.23452157598499065,1.125703564727955,0.0,0.3283302063789869,0.5628517823639775
2019-01-06,0.5836575875486382,0.6160830090791181,1.621271076523995,0.5836575875486382,1.5564202334630348,0.06485084306095977,0.42153047989623865,0.0,1.5888456549935148,0.1621271076523995
2019-01-13,0.8923076923076922,0.5230769230769231,1.6,0.2769230769230769,0.9846153846153848,0.6153846153846154,0.0923076923076923,0.0,0.676923076923077,0.030769230769230767
2019-01-20,0.8152173913043478,0.3952569169960474,0.3458498023715415,0.592885375494071,0.2717391304347826,0.07411067193675888,0.6422924901185771,0.0,0.04940711462450593,0.1976284584980237
2019-01-27,0.7400257400257401,1.1904761904761905,0.5148005148005148,0.4826254826254826,0.4504504504504505,0.06435006435006435,0.3861003861003861,0.0,0.09652509652509653,0.22522522522522526
2019-02-03,0.2637942404924159,0.3956913607386239,0.4176742141129918,0.17586282699494393,0.3297428006155199,0.06594856012310397,0.21982853374367994,0.02198285337436799,0.17586282699494393,0.0
2019-02-10,0.0,0.0,0.0,0.0,0.0,0.0,0.0,0.0,0.0,0.0
2019-02-17,0.04166666666666667,0.08333333333333334,0.5833333333333334,0.16666666666666669,0.5,0.04166666666666667,0.7083333333333333,0.04166666666666667,0.25,0.08333333333333334
2019-02-24,0.5283018867924528,0.22641509433962265,0.7169811320754716,0.37735849056603776,0.5660377358490566,0.07547169811320754,1.018867924528302,0.07547169811320754,0.1509433962264151,0.0
2019-03-03,0.0,0.3669724770642202,0.0,0.0,0.0,0.0,0.9174311926605504,0.0,0.0,0.0
2019-03-10,0.8768971332209106,1.129848229342327,0.8881394041596402,1.281618887015177,0.567734682405846,0.3147835862844295,0.5845980888139404,0.005621135469364812,0.3316469926925239,0.3822372119168072
2019-03-17,0.8844587954513548,0.6949319107117787,0.7756563245823389,0.6949319107117787,0.3755440123543451,0.386073283728766,0.4492489119752913,0.014039028499227856,0.3123683841078197,0.2176049417380317
2019-03-24,0.594421582075903,0.2972107910379515,1.4403292181069958,0.5258344764517604,0.11431184270690445,1.3260173754000917,0.11431184270690445,0.0,0.0,0.02286236854138089
2019-03-31,0.6186152099886493,1.7990919409761634,0.6356413166855845,0.6242905788876276,0.1872871736662883,0.44835414301929627,0.3007945516458569,0.0,0.19296254256526674,0.25539160045402953
2019-04-07,0.2407897905128823,0.6982903924873585,0.7223693715386468,0.5778954972309175,0.12039489525644112,0.3852636648206116,0.5056585600770528,0.21671081146159404,0.04815795810257645,0.024078979051288224
2019-04-14,0.28165922891213696,1.071768234691638,0.2414221962104031,0.3767649425707806,0.2194747238276392,0.014631648255175947,0.054868680956909804,0.0073158241275879735,0.062184505084497764,0.20850098763625724
2019-04-21,0.974184120798831,0.535801266439357,1.607403799318071,1.071602532878714,1.509985387238188,0.0974184120798831,0.14612761811982464,0.0,1.3151485630784217,0.4870920603994155
2019-04-28,0.5365178262374524,0.6576670128071997,0.5192107995846313,0.380754586362063,0.363447559709242,0.1557632398753894,0.08653513326410522,0.0,0.10384215991692627,0.12114918656974732
2019-05-05,0.2962962962962963,0.04938271604938272,0.34567901234567905,0.8395061728395061,0.2962962962962963,0.0,1.0864197530864197,0.04938271604938272,0.04938271604938272,0.09876543209876544
2019-05-12,0.5550319405173316,0.5131427374594199,1.0681746779767516,0.8168394596292806,0.3351136244632946,0.6806995496910672,0.712116451984501,0.05236150382238977,0.0942507068803016,0.2618075191119489
2019-05-19,1.4724310776942355,0.3132832080200501,0.6578947368421052,0.9711779448621554,0.3759398496240601,0.18796992481203006,0.21929824561403508,0.09398496240601503,0.06265664160401002,0.9711779448621554
2019-05-26,1.1837121212121209,0.5445075757575758,2.154356060606061,0.8759469696969696,0.8285984848484849,1.3020833333333337,0.4734848484848485,0.023674242424242424,0.4498106060606061,0.4734848484848485
2019-06-02,0.5762179151388162,0.6286013619696176,1.3095861707700367,0.3143006809848088,1.3095861707700367,0.0,0.10476689366160294,0.0,0.05238344683080147,0.0
2019-06-09,1.0,0.6,1.0666666666666669,1.4666666666666666,0.9333333333333336,0.13333333333333333,0.2,0.0,0.2,1.2
2019-06-16,0.9840425531914894,0.452127659574468,0.398936170212766,1.5159574468085106,0.26595744680851063,0.13297872340425532,0.6117021276595744,0.0,0.452127659574468,2.5
2019-06-23,0.432152117545376,1.08038029386344,0.2592912705272256,0.7778738115816767,0.216076058772688,0.0432152117545376,0.2592912705272256,0.0,0.17286084701815038,0.216076058772688
2019-06-30,0.5624748895138609,1.1651265568501403,1.687424668541583,1.3660104459622338,1.566894335074327,0.12053033346725593,0.8838891120932101,0.0,1.124949779027722,0.24106066693451186
2019-07-07,1.3611615245009074,2.177858439201452,1.1466754660947038,1.09717868338558,0.7836990595611284,0.3547269427487213,0.3712258703184293,0.008249463784853984,0.536215146015509,0.4867183633063851
2019-07-14,0.4281345565749236,0.6727828746177371,0.4892966360856269,0.24464831804281345,0.24464831804281345,0.1834862385321101,0.3058103975535168,0.06116207951070336,0.3669724770642202,0.0
2019-07-21,0.9357720119098256,0.5954912803062526,0.552956188855806,0.7230965546575925,0.3828158230540196,0.1701403658017865,0.7230965546575925,0.0,0.2126754572522331,0.1701403658017865
2019-07-28,0.6174745291756715,1.1886384686631677,0.6483482556344551,1.5745600493979623,0.5248533497993207,0.1080580426057425,0.7872800246989812,0.015436863229391787,0.5557270762581044,0.2315529484408768
2019-08-04,1.9329896907216493,0.6443298969072164,1.1597938144329898,0.6443298969072164,1.1597938144329898,0.0,0.7087628865979382,0.0,0.0,0.12886597938144329
2019-08-11,0.0,0.0,0.0,0.0,0.0,0.0,0.0,0.0,0.0,0.0
2019-08-18,0.15822784810126586,0.3164556962025317,1.1075949367088609,0.4746835443037975,0.15822784810126586,0.3164556962025317,1.7405063291139242,0.6329113924050633,0.3164556962025317,0.0
2019-08-25,0.9927066450567259,0.5267423014586711,0.5470016207455429,0.6280388978930308,0.4051863857374392,0.14181523500810372,0.6077795786061588,0.0,0.020259319286871958,0.2025931928687196
2019-09-01,0.3879310344827586,0.8189655172413793,0.646551724137931,0.5172413793103449,0.646551724137931,0.0,2.284482758620689,0.0,0.08620689655172414,0.25862068965517243
2019-09-08,0.5290157101635139,0.7374158384097467,0.5129849310676499,0.6732927220262905,0.4007694773966015,0.09618467457518436,0.272523244629689,0.016030779095864058,0.2564924655338249,0.4488618146841937
2019-09-15,0.8994276369582993,0.7086399563913873,0.7631507222676479,0.027255382938130283,0.490596892886345,0.1635322976287817,0.3543199781956937,0.10902153175252112,0.027255382938130283,0.027255382938130283
2019-09-22,1.1026431003729529,0.9080590238365494,0.2107994162477704,0.3729528133614399,0.17836873682503648,0.032430679422733914,0.11350737797956867,0.0,0.06486135884546781,0.2270147559591373
2019-09-29,0.463965357253325,0.6804825239715434,0.092793071450665,0.5567584287039901,0.092793071450665,0.0,0.27837921435199503,0.0,0.030931023816888337,0.0
2019-10-06,0.0,1.7505470459518602,0.2188183807439825,0.7658643326039387,0.2188183807439825,0.0,0.10940919037199123,0.0,0.0,0.43763676148796504
2019-10-13,0.4980719794344473,0.8997429305912596,0.36953727506426737,0.6105398457583547,0.36953727506426737,0.0,0.4498714652956298,0.0,0.01606683804627249,0.11246786632390746
2019-10-20,0.6398537477148081,1.9012797074954295,1.3345521023765996,0.676416819012797,0.4570383912248629,0.8409506398537478,0.5301645338208409,0.03656307129798903,0.20109689213893966,0.3473491773308958
2019-10-27,0.8693492300049677,0.8445106805762544,0.6209637357178341,0.6954793840039741,0.29806259314456035,0.27322404371584696,0.6209637357178341,0.04967709885742673,0.3229011425732737,0.3229011425732737
2019-11-03,0.5549091560010739,1.2172200841313885,0.2595542826456637,0.4385572361943973,0.2595542826456637,0.0,0.27745457800053697,0.0,0.04475073838718339,0.1969032489036069
2019-11-10,0.9865351286495134,1.019864018130916,0.3466204506065857,0.3132915611251833,0.3132915611251833,0.03332888948140248,0.11331822423676842,0.0,0.12664978002932942,0.13331555792560992
2019-11-17,0.3952569169960474,0.1976284584980237,0.2964426877470355,0.46113306982872204,0.2964426877470355,0.0,0.3623188405797101,0.0,0.16469038208168646,0.2964426877470355
2019-11-24,1.4510442093843234,0.989964740981828,0.6780580417683754,0.9221589368049904,0.24410089503661514,0.1762950908597776,0.4203959858963927,0.25766205587198265,0.29834553837808514,0.18985625169514508
2019-12-01,0.3599712023038157,0.9719222462203024,0.2519798416126709,1.1879049676025921,0.2519798416126709,0.0,0.6119510439164867,0.0,0.07199424046076314,0.10799136069114472
2019-12-08,2.375601926163724,0.1926163723916533,0.5778491171749599,0.6099518459069021,0.5778491171749599,0.0,0.9951845906902088,0.0,0.0,0.22471910112359555
2019-12-15,0.5363036303630363,2.186468646864687,1.155115511551155,0.33003300330033003,1.0726072607260726,0.0,0.3712871287128713,0.08250825082508251,0.8663366336633664,0.04125412541254125
2019-12-22,0.18373909049150208,0.18373909049150208,0.4134129536058797,0.8268259072117593,0.3215434083601286,0.09186954524575104,0.5052824988516307,0.0,0.0,0.4593477262287552
2019-12-29,0.6732443412652351,1.2652350551363898,0.301799187463726,0.5339524085896692,0.301799187463726,0.0,0.0812536273940801,0.0,0.3366221706326176,0.3598374927452118
2020-01-05,0.8547008547008548,1.3888888888888888,0.9882478632478632,1.09508547008547,0.8547008547008548,0.10683760683760683,0.6677350427350427,0.026709401709401708,0.3205128205128205,0.2136752136752137
2020-01-12,0.2679528403001072,0.34833869239013937,0.3751339764201501,0.34833869239013937,0.3751339764201501,0.0,0.5091103965702036,0.0,0.08038585209003216,0.2411575562700965
2020-01-19,0.8907741251325556,0.8483563096500532,1.4634146341463417,0.6362672322375398,0.721102863202545,0.7423117709437964,0.2120890774125133,0.0,0.25450689289501593,0.1696712619300106
2020-01-26,0.0929584011155008,0.0,0.06971880083662561,0.046479200557750414,0.06971880083662561,0.0,0.116198001394376,0.0,0.0,0.0
2020-02-02,0.0,0.0,0.18568186507117806,0.08252527336496802,0.14441922838869406,0.0,0.20631318341242005,0.04126263668248401,0.02063131834124201,0.0
2020-02-09,0.03498950314905528,0.0,0.5598320503848845,0.06997900629811056,0.4548635409377188,0.0,0.13995801259622112,0.10496850944716583,0.10496850944716583,0.06997900629811056
2020-02-16,0.36017494211474144,0.0,0.5145356315924877,0.02572678157962439,0.5145356315924877,0.0,0.10290712631849756,0.0,0.02572678157962439,0.02572678157962439
2020-02-23,0.8585630366018979,0.04518752824220516,0.9263443289652056,0.04518752824220516,0.8585630366018979,0.06778129236330774,0.06778129236330774,0.0,0.04518752824220516,0.022593764121102575
2020-03-01,0.6061572818631361,0.04785452225235285,0.7497208486201946,0.04785452225235285,0.7497208486201946,0.0,0.2073695964268623,0.0,0.1276120593396076,0.0
2020-03-08,0.4216269841269841,0.0992063492063492,0.6944444444444444,0.0248015873015873,0.5208333333333333,0.1240079365079365,0.2232142857142857,0.0496031746031746,0.2232142857142857,0.0
2020-03-15,0.6864161849710982,1.3547687861271676,1.0115606936416186,0.7044797687861272,0.9393063583815028,0.0541907514450867,0.2167630057803468,0.0180635838150289,0.7406069364161849,0.12644508670520233
2020-03-22,1.6175936023264268,0.16357688113413305,1.0723373318793166,0.2544529262086514,0.999636495819702,0.03635041802980734,0.21810250817884408,0.03635041802980734,0.1817520901490367,0.3271537622682661
2020-03-29,0.3971571906354515,0.08361204013377926,1.0869565217391304,0.06270903010033445,0.9406354515050168,0.0,0.2508361204013378,0.1463210702341137,0.1254180602006689,0.0
2020-04-05,0.3404084901882259,0.1001201441730076,1.6419703644373247,0.4805766920304365,1.5418502202643172,0.060072086503804564,0.6207448938726472,0.04004805766920305,0.6607929515418502,0.020024028834601526
2020-04-12,0.6438831104507181,0.4210004952947004,0.9905894006934124,0.024764735017335317,0.8915304606240713,0.049529470034670633,0.1981178801386825,0.049529470034670633,0.27241208519068844,0.0
2020-04-19,0.9216589861751152,0.11059907834101383,0.8847926267281105,0.09216589861751152,0.6267281105990783,0.20276497695852536,0.22119815668202766,0.055299539170506916,0.2764976958525346,0.11059907834101383
2020-04-26,1.2186379928315414,0.2867383512544803,0.9318996415770612,0.4778972520908005,0.8841099163679809,0.047789725209080036,0.14336917562724014,0.0,0.2628434886499403,0.047789725209080036
2020-05-03,0.5847953216374269,0.4970760233918129,0.5847953216374269,0.4970760233918129,0.5847953216374269,0.0,0.3508771929824561,0.0,0.05847953216374269,0.2631578947368421
2020-05-10,1.0081300813008132,0.4552845528455284,1.2357723577235773,0.3577235772357724,1.170731707317073,0.06504065040650406,0.3577235772357724,0.0,0.26016260162601623,0.22764227642276424
2020-05-17,1.1133603238866396,0.30364372469635625,0.1771255060728745,0.5060728744939271,0.12651821862348178,0.05060728744939271,0.2783400809716599,0.0,0.0,0.10121457489878542
2020-05-24,1.2519978689397977,0.713905167820991,0.8843899840170484,0.6553010122535962,0.7032498668087374,0.18114011720831116,0.3303143313798615,0.0,0.22376132125732556,0.22908897176345236
2020-05-31,1.2561706629055007,0.6038434414668548,0.4848377997179126,0.4672073342736248,0.3878702397743301,0.09696755994358253,0.2556417489421721,0.0,0.1366361071932299,0.14545133991537376
2020-06-07,1.3308977035490606,0.07828810020876828,0.9916492693110648,0.31315240083507306,0.9394572025052192,0.052192066805845504,0.15657620041753653,0.0,0.2870563674321503,0.5480167014613779
2020-06-14,0.6800151114469211,0.4911220249338874,1.6244805440120893,0.037778617302606725,0.7177937287495277,0.9066868152625616,0.3777861730260673,0.0,0.11333585190782018,0.0
2020-06-21,0.4856726566294318,0.5585235551238465,1.0199125789218066,0.3399708596406022,0.8256435162700341,0.19426906265177268,0.3399708596406022,0.0,1.1170471102476929,0.1699854298203011
2020-06-28,1.2919896640826871,1.0623026126902095,0.5455067470571346,0.8039046798736722,0.5455067470571346,0.0,0.4880849842090153,0.0,0.08613264427217916,0.02871088142405972
2020-07-05,0.904121110176619,0.904121110176619,1.2615643397813288,0.7989907485281751,1.2405382674516399,0.02102607232968881,0.7569386038687973,0.0,0.4835996635828428,0.2943650126156434
2020-07-12,0.7093933463796477,0.6604696673189824,0.7338551859099804,0.6849315068493149,0.538160469667319,0.19569471624266144,0.464774951076321,0.0,0.3180039138943248,0.07338551859099804
2020-07-19,1.6043956043956045,0.3736263736263736,1.1648351648351647,1.0109890109890112,0.8571428571428572,0.24175824175824176,0.1758241758241758,0.06593406593406594,0.6153846153846154,1.2527472527472527
2020-07-26,1.646284101599247,0.02351834430856068,0.964252116650988,0.14111006585136407,0.8231420507996237,0.14111006585136407,0.3292568203198495,0.0,0.16462841015992474,0.07055503292568202
2020-08-02,1.373074346952445,1.0046885465505693,1.1051574012056262,0.2679169457468185,0.9377093101138648,0.10046885465505692,0.16744809109176154,0.06697923643670461,0.13395847287340926,0.5023442732752846
2020-08-09,0.0,2.2857142857142856,0.0,0.0,0.0,0.0,0.0,0.0,0.0,0.0
2020-08-16,0.0,0.4310344827586207,0.0,1.293103448275862,0.0,0.0,0.21551724137931036,0.0,0.0,0.0
2020-08-23,1.0685011709601873,0.08782201405152225,1.1709601873536302,0.4098360655737705,0.7318501170960188,0.4244730679156909,0.20491803278688525,0.014637002341920375,0.3366510538641686,0.07318501170960189
2020-08-30,0.7145773785218457,0.32666394446712943,0.7860351163740302,0.4389546753777052,0.5716619028174765,0.2143732135565537,0.6329113924050633,0.0,0.2143732135565537,0.09187423438138016
2020-09-06,1.6515276630883566,0.0,0.495458298926507,0.16515276630883566,0.495458298926507,0.0,0.5780346820809248,0.0,2.477291494632535,0.0
2020-09-13,1.6115871073031414,0.5303957568339454,0.8771929824561403,1.5299877600979193,0.8363933088535292,0.04079967360261118,1.0811913504691963,0.0,0.10199918400652797,0.5303957568339454
2020-09-20,0.9026434558349452,1.4184397163120568,0.7736943907156674,0.8704061895551257,0.7736943907156674,0.0,0.5157962604771116,0.0,0.06447453255963895,0.16118633139909735
