,China News-Based EPU,CNEPU,CN_Fiscal,CN_Monetary,CN_Trade,CN_EXR
1995-01-01,192.9119110107422,,,,,
1995-02-01,193.98785400390625,,,,,
1995-03-01,88.22703552246094,,,,,
1995-04-01,131.0347137451172,,,,,
1995-05-01,177.09686279296875,,,,,
1995-06-01,79.09623718261719,,,,,
1995-07-01,61.732688903808594,,,,,
1995-08-01,52.983123779296875,,,,,
1995-09-01,76.82008361816406,,,,,
1995-10-01,153.8712921142578,,,,,
1995-11-01,100.0615005493164,,,,,
1995-12-01,143.11668395996094,,,,,
1996-01-01,128.42945861816406,,,,,
1996-02-01,111.15818786621094,,,,,
1996-03-01,69.440673828125,,,,,
1996-04-01,63.35744094848633,,,,,
1996-05-01,84.1733627319336,,,,,
1996-06-01,36.838809967041016,,,,,
1996-07-01,47.684810638427734,,,,,
1996-08-01,55.95354461669922,,,,,
1996-09-01,51.04103088378906,,,,,
1996-10-01,53.6197624206543,,,,,
1996-11-01,85.29986572265625,,,,,
1996-12-01,69.18518829345703,,,,,
1997-01-01,88.3237075805664,,,,,
1997-02-01,115.34867858886719,,,,,
1997-03-01,59.410587310791016,,,,,
1997-04-01,123.27134704589844,,,,,
1997-05-01,20.579830169677734,,,,,
1997-06-01,62.72386932373047,,,,,
1997-07-01,42.59028244018555,,,,,
1997-08-01,27.126089096069336,,,,,
1997-09-01,70.8626708984375,,,,,
1997-10-01,83.15766143798828,,,,,
1997-11-01,69.05574798583984,,,,,
1997-12-01,20.722469329833984,,,,,
1998-01-01,77.7058334350586,,,,,
1998-02-01,98.68479919433594,,,,,
1998-03-01,64.92120361328125,,,,,
1998-04-01,19.439777374267578,,,,,
1998-05-01,41.80421829223633,,,,,
1998-06-01,68.2985610961914,,,,,
1998-07-01,100.43605041503906,,,,,
1998-08-01,38.225399017333984,,,,,
1998-09-01,74.32969665527344,,,,,
1998-10-01,128.11868286132812,,,,,
1998-11-01,51.11582565307617,,,,,
1998-12-01,69.6688232421875,,,,,
1999-01-01,123.6696548461914,,,,,
1999-02-01,98.32405090332031,,,,,
1999-03-01,82.27812957763672,,,,,
1999-04-01,16.56603240966797,,,,,
1999-05-01,116.03939056396484,,,,,
1999-06-01,101.52250671386719,,,,,
1999-07-01,66.9092025756836,,,,,
1999-08-01,39.80082321166992,,,,,
1999-09-01,102.30252838134766,,,,,
1999-10-01,78.27619934082031,,,,,
1999-11-01,62.016963958740234,,,,,
1999-12-01,36.9937858581543,,,,,
2000-01-01,44.00444030761719,38.1961578675666,85.6827593231493,58.2297921723032,83.4849398783926,30.6377441730912
2000-02-01,9.0667085647583,40.058447775625105,66.5637441960477,22.3588642751392,106.746417009916,18.4513562305546
2000-03-01,44.39913558959961,48.60256228022239,35.2786194436676,31.7029323556144,109.381882252485,10.7409511426504
2000-04-01,35.44141387939453,64.93450317847757,48.9216447441159,52.3672108003946,106.041599160898,29.5006561202957
2000-05-01,71.13580322265625,49.82343456904926,18.8758237987819,11.4347077993851,40.9366666775586,16.4970634629501
2000-06-01,36.85697555541992,50.789288835514576,23.4791580061483,21.429958935467,53.9607388807768,30.8985058961712
2000-07-01,18.607404708862305,79.62038401678176,50.1256018300128,33.7082286815343,57.1724501544375,25.2284974557335
2000-08-01,27.140865325927734,40.34602946142396,24.5822550729615,23.9454351669384,68.8733296407626,21.9516506790218
2000-09-01,58.010047912597656,41.83272476975248,38.4546884551261,29.9251579677862,72.0400812723862,20.2169840858892
2000-10-01,70.60662841796875,43.74543003319456,26.0176632316865,18.2916449718187,50.679574208703,33.7768709008536
2000-11-01,140.3679656982422,79.94008433377806,44.7560141800785,35.1509740646352,68.8433688558073,26.2104006273425
2000-12-01,112.6115951538086,53.51301389057851,50.9939071640983,32.8655701881406,117.877092435456,33.6132447715753
2001-01-01,97.32544708251953,85.53939427327276,65.0374280144175,66.3765588011408,121.048502607967,63.2066629233645
2001-02-01,65.1502456665039,65.28011026151508,56.2653706178202,47.6928215679368,55.6280010005657,47.7854598942502
2001-03-01,114.62845611572266,80.56661799575915,131.537175869638,84.3140611056286,165.905492891981,117.338112231585
2001-04-01,107.18360137939453,60.05142917128941,32.55245972146,26.5491985033671,89.0000880068703,38.3244582904953
2001-05-01,95.76116943359375,69.40862676789042,20.5939794247644,44.376180920614,57.4541318047026,60.2388886068271
2001-06-01,54.47955322265625,53.974957568862294,25.4687456336898,25.4764374706387,66.8034975745875,37.4037183178799
2001-07-01,118.17539978027344,81.97201639449733,40.471504577799,34.6236188989669,98.5413426880648,27.39267460219
2001-08-01,131.47923278808594,58.58971752119154,53.5822127527278,40.9339851000278,99.5551605289572,38.3265700119537
2001-09-01,202.87771606445312,67.8682589595651,30.7470623225,45.0524644401769,125.920034555534,41.6112190788352
2001-10-01,297.2353515625,82.86821757088788,43.9833502868647,43.2132792780688,112.538482256725,39.2195919524572
2001-11-01,128.78350830078125,77.96696015020578,56.4327778763247,51.25763203437,237.052371595588,54.587655677856
2001-12-01,136.84719848632812,95.17101819815083,67.0707522918025,50.642391589961,185.80371663049,85.9401517901355
2002-01-01,159.89443969726562,94.34445941946069,81.48428769221,54.6362315204477,216.250452791173,99.7007051690084
2002-02-01,163.70115661621094,91.8390369787939,77.3127028941575,70.784590202477,192.644386935767,72.2616242924087
2002-03-01,140.20535278320312,70.73847222953422,96.1821583828059,55.9652779810182,195.679270115181,57.4249071355231
2002-04-01,117.48548126220703,77.55067028190275,50.3483733614761,44.1350297022937,90.6864165051216,46.8653400381634
2002-05-01,33.760589599609375,59.961043928027344,30.0959618756744,26.6192177387347,125.665562840978,42.1562923461681
2002-06-01,116.77750396728516,63.96829758999917,40.8065644756016,37.4638200932379,82.0867203028332,45.3667608447851
2002-07-01,88.06827545166016,93.98931477431725,50.3876941236603,41.0843868659844,78.3587912555527,64.4942251310465
2002-08-01,140.53097534179688,92.30569759560805,55.3279915602205,54.9149669491722,96.3843290869761,72.5976508494417
2002-09-01,188.888671875,76.91736939100302,58.0445843489762,51.1594274722942,127.327128427266,53.5694946327018
2002-10-01,147.99453735351562,84.31431142955695,64.4016665783545,48.5410337100003,166.66987592221,70.4608952456902
2002-11-01,109.75909423828125,66.3976525598832,99.4964201971149,72.2065349133436,65.9037285628006,45.5939410653282
2002-12-01,85.2096939086914,83.33826518905505,110.676784905455,72.2487204679381,139.174335899125,74.3214240578815
2003-01-01,141.76565551757812,78.33033384101155,59.022737138197,42.0644267822707,103.267911691207,73.2951852915081
2003-02-01,88.5965347290039,70.99897331225584,71.4513729425433,46.6745601608006,104.441006366028,75.0501819177979
2003-03-01,184.7860107421875,112.29109149652972,84.3009846415525,67.0305095188171,118.250031906868,80.2862481388037
2003-04-01,124.31019592285156,91.71954618643295,69.511860757305,43.2606201112267,70.620251027967,39.3458457749277
2003-05-01,102.0359115600586,76.79228163643286,89.316978673637,49.3027811840368,101.814097736766,48.8428527560854
2003-06-01,87.32002258300781,39.52524706014722,49.8445058491178,34.9108136137976,53.6762225997452,36.0651779386095
2003-07-01,92.37224578857422,75.19910177212165,43.4020296434547,34.8978495868419,49.0179346283687,37.9418109722562
2003-08-01,89.334228515625,54.95197029853577,30.3115726885273,38.452112904884,31.6252542970948,47.6914325345465
2003-09-01,127.82127380371094,68.63592280175291,42.9909325173207,44.0905896728715,80.3318440727474,77.4708803451717
2003-10-01,106.51363372802734,83.45893128464431,60.0384062780394,48.2400741689247,57.8117068629309,65.3866283583609
2003-11-01,37.159305572509766,66.16454100769252,52.1633165542002,50.5707170950594,71.9319437934669,41.0998289879058
2003-12-01,97.13572692871094,103.80778698380496,52.9499466935838,37.908968935447,53.9986470901742,58.1943288961258
2004-01-01,101.15840148925781,53.356679367953134,75.4363811596637,46.5303602903783,74.353420502763,67.4425099453744
2004-02-01,46.903831481933594,75.35917908179572,46.4438055402789,34.6824270882514,76.2156541460834,45.816462452714
2004-03-01,85.35299682617188,68.45112216698132,47.3483016888307,44.4028452235097,50.737857294082,53.7403884143915
2004-04-01,43.165828704833984,80.59110102685743,37.5819569077188,47.8982954888704,64.9843916831952,57.0224168377574
2004-05-01,137.98719787597656,71.72431549485513,25.4206895871854,33.4820867192607,48.4624864116269,33.5087985598032
2004-06-01,59.12108612060547,65.18704995468939,30.0442440729454,47.2789310417041,46.2052782691247,25.2597148749098
2004-07-01,50.486961364746094,47.781656146387476,28.0987646089811,40.8046072713696,24.9991779101651,26.968527665685
2004-08-01,88.03998565673828,94.03885659325849,37.3069263412148,61.1506705519399,90.1937747436866,41.1288681321776
2004-09-01,92.03104400634766,68.40869767199207,30.5415614784464,38.2739415119617,59.4669275272384,34.85802658756
2004-10-01,107.50051879882812,112.94631748140829,47.5595992703924,84.0099445203253,54.3069234512335,66.267201689369
2004-11-01,93.9905014038086,78.46314564802613,55.2678558737503,68.5634017884265,78.5725617289342,79.1775724266567
2004-12-01,96.87821197509766,95.64116969217243,75.0937431996138,72.0926912943158,109.111603212258,67.6170121742468
2005-01-01,75.73043823242188,80.11362478233909,43.9475786377277,73.820794364358,129.531456833195,72.3228470763585
2005-02-01,32.59744644165039,85.3484477119903,58.559075864752,52.546718636956,72.7555897684434,43.3015334492443
2005-03-01,99.00125122070312,74.22025555527095,68.2265281415802,50.1139991479754,72.1132386728812,41.6653638075529
2005-04-01,50.36788558959961,70.88248107551459,43.9379039052522,51.5494556301595,48.6913472028713,49.6866596085491
2005-05-01,105.35016632080078,75.73495560767016,35.3976504305722,50.3453742626357,68.5668656348227,71.3196092973059
2005-06-01,42.972259521484375,79.86511946633844,67.5124888828483,48.9863572524052,70.4158253574507,62.5954807749362
2005-07-01,35.55521011352539,90.62663070647875,42.0313783103124,81.1259472152348,194.494367609277,116.813015000081
2005-08-01,92.99913787841797,91.96678342049144,44.1492324313211,57.2196428490511,83.5456341750248,76.0134719919396
2005-09-01,68.26113891601562,63.06393656998556,34.576516482114,46.176940509768,57.2370418806457,30.6892313692179
2005-10-01,32.72947692871094,78.37775726426281,98.2643300973209,67.6014148028142,140.770599847979,86.7545359927479
2005-11-01,86.75798034667969,79.79138004604593,31.0568858991031,46.645740460923,88.1473767402908,53.688281264539
2005-12-01,57.220211029052734,82.98465558173963,78.1320953812492,69.3667623855278,91.5128142083823,71.8498185557364
2006-01-01,83.60843658447266,71.65682532441164,54.3872568398246,75.6879235438564,78.7315717211919,78.3917118105896
2006-02-01,64.71510314941406,85.82757388701502,68.1562681557901,56.9190387935752,97.3505959034214,83.2397450182613
2006-03-01,84.22509765625,79.30548234189334,55.2925424151612,37.4881870466416,68.6621254450823,43.8828048801897
2006-04-01,133.50469970703125,86.78188219500245,48.1149962737571,43.0808651800187,55.7912515156122,61.6549527553505
2006-05-01,66.02268981933594,105.2569138283126,183.880195981076,55.8332546417287,246.012241539775,69.5888498060664
2006-06-01,110.92434692382812,52.19576461581136,50.0963123744192,61.8632309515971,46.840599786541,46.9991199543396
2006-07-01,42.70708465576172,106.33428035364396,45.1571715179789,69.5469424974267,77.74273553621,90.6585841110576
2006-08-01,36.35945510864258,70.76878660099064,45.9295938223549,57.2407718675578,50.3071179773876,77.9932409392022
2006-09-01,71.51866149902344,61.43328277745336,39.2271857871995,30.4062743003597,65.4030427518156,58.7814509255447
2006-10-01,74.1251449584961,74.40603586197534,60.3078113979758,53.8620990065745,87.9961717064459,66.3283403732759
2006-11-01,43.895904541015625,66.29794414747815,38.2359951134893,37.6990563969902,57.0406157416118,58.9916606404294
2006-12-01,67.67839050292969,75.56307402799487,66.1322259362492,49.7347790900005,76.8277655455183,72.5176493644864
2007-01-01,80.17083740234375,73.61972064276591,79.8284630515393,57.9333876160386,85.4057429401194,105.922069515066
2007-02-01,64.65911865234375,86.8002092343727,63.4779668392849,63.4755006330644,59.5526539337201,104.300467464193
2007-03-01,70.07432556152344,78.48841133391164,81.2607936473097,84.3958320279513,102.404345856545,95.6003787729027
2007-04-01,68.33134460449219,74.48311329647574,47.4812303893961,55.3625387541444,52.0086388059324,65.3077540470225
2007-05-01,47.791526794433594,74.0531305569804,46.915064526397,93.5948972882118,61.5709334710116,129.079489237747
2007-06-01,77.08946228027344,99.37622426243801,102.236063932901,90.1248359121919,94.8150950228116,112.685678454746
2007-07-01,136.7205810546875,88.84881147518111,168.310887568461,110.585918850854,98.270485916962,168.420515285248
2007-08-01,56.73624038696289,108.38134212673123,98.4284953477079,130.496387479845,46.3071131079442,129.505609972693
2007-09-01,90.57120513916016,93.96629215113404,89.4050640701365,116.64963872939,71.1300204479056,109.664857056394
2007-10-01,92.5426025390625,81.69049608174197,31.9919569303438,105.505564797105,106.793774542469,133.616943314013
2007-11-01,108.428466796875,99.93137946632098,65.8806152369373,118.565779532394,59.7193133447987,144.752503311758
2007-12-01,93.8269271850586,139.53775788632234,169.044789247592,196.218767313965,141.4107261399,214.467358898475
2008-01-01,142.80523681640625,151.19423579120877,124.290250790709,186.059303653596,141.691918493224,203.116922375581
2008-02-01,157.7542724609375,133.711710187979,123.221199087694,179.624457647195,98.0143915131674,164.408489879655
2008-03-01,174.01171875,150.17798411114939,192.711496644691,228.805552911673,122.427397680992,272.280967127155
2008-04-01,145.51449584960938,153.87719431020042,134.844329802509,212.563717699943,165.51309348436,228.167568105696
2008-05-01,100.68357849121094,132.2660152519765,57.7246823292153,155.827214535609,67.3308253901053,124.544996958369
2008-06-01,157.01193237304688,152.6328598567044,145.35674452209,222.584323215829,179.855510961257,213.049521853235
2008-07-01,152.117919921875,174.25202518489064,129.053665722197,268.938521157069,198.747745343788,209.896025026625
2008-08-01,205.62844848632812,146.30267811606686,124.913027322289,198.251390608901,98.6693410441043,160.52596323758
2008-09-01,298.38702392578125,201.19463655757178,155.781938395593,222.722987363006,103.938659696496,171.919489786119
2008-10-01,187.5682373046875,213.48876628600377,296.588178364569,312.858485579527,125.036499165282,272.290649953535
2008-11-01,194.23703002929688,161.0340644187158,247.64816748537,179.861716844427,127.986044871078,130.458175616318
2008-12-01,232.76638793945312,158.14730862386403,251.921698675095,178.082829842743,119.416817346557,178.289149333631
2009-01-01,223.546875,132.32577216901132,167.275553606256,112.305713633735,65.3081606301222,94.8269795333922
2009-02-01,170.97813415527344,118.43892748355675,171.851819396155,99.8909831029483,75.3022334195357,80.5021454100975
2009-03-01,184.49575805664062,132.0652197223183,185.97993194443,111.044599960704,80.6512078883942,114.832277952443
2009-04-01,152.913330078125,120.3233498812223,138.906993938786,91.2458907922187,87.388719512927,80.1845169085054
2009-05-01,91.16470336914062,117.15093555779238,112.20372218192,90.0391115782305,55.701549622126,64.6697867442946
2009-06-01,131.52880859375,121.4746394512635,190.660975190042,125.89754489676,64.745466033727,89.8925382429011
2009-07-01,103.93191528320312,141.14697017023798,252.707512452946,188.87187102251,68.6597453356321,110.256202875485
2009-08-01,92.43109130859375,130.78714483700273,196.585772566772,183.7923032886,80.5974193389665,95.1859405316457
2009-09-01,160.95164489746094,118.462142729094,152.1289321798,122.851153187594,124.63727461351,82.3454170534419
2009-10-01,75.7962646484375,111.00120888071822,155.225440954608,125.121400010519,78.9771441702031,135.570976755199
2009-11-01,68.89027404785156,129.48393347618048,170.142181600742,157.32692540005,118.008540704222,177.35839646792
2009-12-01,74.85823059082031,138.35446552338092,261.596947397302,170.517747626951,140.673083887147,151.852326077577
2010-01-01,95.7820816040039,146.87542211498385,164.083012369078,218.91937291072,96.372295963982,124.945212235561
2010-02-01,103.44437408447266,136.0350847420574,170.242952436278,178.308182171715,65.2385344681967,133.402409928949
2010-03-01,90.39569854736328,132.4974066928134,198.735311428714,193.98099985067,237.426321141107,235.989379040083
2010-04-01,46.74542999267578,138.36750599333388,137.674253232313,166.072624265846,125.427430706427,165.326784603333
2010-05-01,156.54861450195312,175.13524595821943,198.607924065875,189.929923504057,113.655825830627,201.147092519295
2010-06-01,130.0135040283203,146.31207937450196,142.88085246787,175.754277708813,158.492999176505,224.211775820989
2010-07-01,70.815673828125,135.37731427394255,142.119253591518,167.161021067903,85.8015172436365,155.84000566476
2010-08-01,104.10298919677734,122.90628688254766,126.4427640437,143.636371134445,99.3476136208918,104.609731769859
2010-09-01,121.59742736816406,117.44827661921896,102.832231712585,118.368681237253,161.468977413126,177.999432070528
2010-10-01,74.11595916748047,142.88930118372966,169.201909006383,221.956394616692,281.466906201596,412.0542253177
2010-11-01,82.42306518554688,148.3723056571888,167.829719753958,245.793558542648,163.018196228515,331.866052356063
2010-12-01,110.6732406616211,141.44126669105657,269.067595613966,254.772629565538,125.323648838928,183.898804055936
2011-01-01,172.68040466308594,140.6562165110568,170.714210975024,198.498630070711,113.403748053642,179.871613899317
2011-02-01,46.08258056640625,154.14141933315295,201.353194614407,273.26401390346,96.822316876596,195.266761073907
2011-03-01,131.2483673095703,173.23405327399288,184.411204441213,241.561729048531,119.821071240663,234.682222937411
2011-04-01,153.01113891601562,148.70689655905397,123.291596065545,217.417898852077,77.6887984321144,181.355882703642
2011-05-01,26.144084930419922,127.50719772625001,111.336894351404,159.329998828437,63.1057148267228,140.964556110737
2011-06-01,39.59001159667969,133.66587088556741,102.66283093759,158.822823167062,47.8055086216395,89.5244656522401
2011-07-01,207.39718627929688,152.77481607445648,242.148977752166,232.414533974359,62.6069942370435,140.028646891529
2011-08-01,186.73147583007812,238.3171741120536,450.728619339359,357.998548551018,151.42574668753,330.021867694786
2011-09-01,158.05563354492188,170.50402109983466,253.018027354638,226.917059702712,127.818801503726,146.859588995536
2011-10-01,238.70960998535156,164.23736905292603,199.318823443692,192.943252905122,155.012646715535,194.245462361648
2011-11-01,363.5231018066406,185.22491345425317,307.670765612416,206.714034681835,174.403643755407,172.270328215021
2011-12-01,324.462646484375,199.94860967127303,285.846938633203,268.354503176459,199.372245268567,264.750438772658
2012-01-01,298.70263671875,215.35002796569458,289.850685188995,219.385961341814,175.202218816961,174.013533811112
2012-02-01,236.0895233154297,170.21644864598238,175.289645969619,180.026426479121,104.666189824822,146.871271712038
2012-03-01,242.72799682617188,146.69367009014024,195.941293249578,154.718636513777,148.224596062649,166.599834055262
2012-04-01,155.8289337158203,157.65655232126684,143.658947543972,169.596699164439,120.380859711851,161.780730875482
2012-05-01,216.251953125,174.754473867743,219.213297903679,162.283740214782,103.18053326394,159.565375859594
2012-06-01,304.552734375,187.17671091895585,217.988734786084,215.907657000619,127.224960883268,106.372288203656
2012-07-01,301.5229187011719,130.18083097796162,167.647043788735,153.065818093544,57.7154962311605,82.776055738238
2012-08-01,215.31752014160156,131.25980780110459,139.494506245674,129.517773629182,121.03509469844,88.3130742765108
2012-09-01,161.97898864746094,126.16681834052721,145.313546951852,139.464080778632,84.8698974739271,105.780255902926
2012-10-01,300.70208740234375,144.67576836488786,106.674682285211,121.894895092343,104.105541055134,121.135215109691
2012-11-01,306.3358459472656,142.50238649187787,172.791245972162,99.4141067306811,115.498151591568,119.269352968861
2012-12-01,192.76840209960938,142.3644211352662,151.049028712865,105.362253598873,101.899524862903,95.8981742504011
2013-01-01,208.5545196533203,162.8649518052587,145.350611746124,112.667834523539,69.892763021675,94.7372874033058
2013-02-01,162.2560272216797,149.5263274596657,116.799007367293,135.791114116513,166.927563463641,115.217796009929
2013-03-01,83.76907348632812,146.3303329405987,194.753216484952,164.464372975119,73.4087448888792,175.733578742999
2013-04-01,147.9531707763672,147.9723792913509,123.779599153539,126.68125676053,94.7331343180411,127.635111986088
2013-05-01,82.95886993408203,136.51164007808845,114.644314870689,111.379465562456,80.7088236263897,129.577934657032
2013-06-01,40.40321350097656,141.10282830966963,132.017443103069,181.219219481279,71.1587604652897,177.532015709561
2013-07-01,115.46747589111328,161.80513006846874,144.561188890079,169.525920880714,68.4191823764797,111.88347973374
2013-08-01,139.75953674316406,132.34426046842995,136.542411942363,114.72413284784,54.2464338271083,87.0000940412501
2013-09-01,69.79080200195312,138.3108896772723,162.332917860972,132.617495559469,65.8865179626859,98.9808299897122
2013-10-01,97.59776306152344,128.2737271070495,196.207477016335,130.852465918815,94.0324919234734,117.869985581698
2013-11-01,81.0254135131836,117.89252319840885,136.810663918791,100.104362788281,145.895472815836,115.939895428875
2013-12-01,137.23245239257812,127.48856508286124,171.267040319577,138.995693188014,119.510245565442,108.930179640981
2014-01-01,103.44437408447266,122.01117782229686,97.3180303473469,124.787993552728,132.349446389506,99.265764009451
2014-02-01,66.52954864501953,127.40027445969002,90.769432675629,140.631679027143,115.735150485002,146.877232424758
2014-03-01,134.94261169433594,134.39643927691813,130.622800177848,176.89228151726,152.656161039906,231.520512176819
2014-04-01,84.26825714111328,142.69087682089244,123.591776273748,138.928535232277,88.3557512755782,122.586230420966
2014-05-01,80.76277160644531,146.8073696221495,79.7923615478932,88.1093987252183,58.7574341819806,69.6261979025622
2014-06-01,102.23165130615234,115.09528671981273,67.6681634463473,96.1779160354678,63.5102721204227,84.2900326551618
2014-07-01,127.48028564453125,108.86133701289025,86.154507600988,91.9868219330317,146.509980259335,83.5436653495697
2014-08-01,151.0019073486328,121.43467568397658,86.3959534661553,98.8682321466091,72.6971837079106,58.8800837600029
2014-09-01,185.76190185546875,124.7774333973247,93.2047890963514,103.914741921002,89.2205446338983,78.1913038606101
2014-10-01,240.4953155517578,112.15853736630564,70.8548343306027,117.766075331651,45.2228264652268,85.996857586024
2014-11-01,112.73898315429688,110.19780238569379,98.8669870595841,113.643263650085,109.70868532484,100.120512207732
2014-12-01,93.9609603881836,134.50266036694245,148.414309694165,184.613400794728,64.9722987912874,206.706617800117
2015-01-01,232.21510314941406,167.14045842729442,181.624671983222,165.853039744341,73.080609294428,196.369736363421
2015-02-01,117.68367004394531,151.644149750084,65.0079940938845,153.943269195416,91.4112038689794,166.612607218787
2015-03-01,82.09329223632812,118.3224918405023,139.206992175249,112.133369926229,56.8558444719623,124.970477244131
2015-04-01,105.31835174560547,119.33264968057722,101.514319690394,102.86626068856,52.2563772066953,91.9723094493045
2015-05-01,127.55281066894531,129.9570420941313,99.6389498209253,101.888069827159,39.083201544438,57.7622874886036
2015-06-01,123.3431396484375,130.6787468592958,87.5450235332478,145.042313355244,50.6446293858985,71.3157619140907
2015-07-01,268.7091979980469,189.46897934669047,157.983460353576,211.126580313843,56.9562743314651,139.940212767006
2015-08-01,224.05859375,213.98971018918039,149.203688434018,256.034517246358,133.986920654538,400.532605502476
2015-09-01,393.2341003417969,181.26125812035744,139.116825248736,176.493456994535,93.2134601630616,290.314883146029
2015-10-01,244.86795043945312,142.14917309370125,116.105074235641,161.763817145192,154.184915027641,157.040720070412
2015-11-01,104.74907684326172,134.6822577642962,70.38040598575,116.299199664006,109.070036340187,104.233772696949
2015-12-01,151.61448669433594,128.9403597372655,133.680018956907,162.490716202125,160.940388585459,225.564178071547
2016-01-01,261.94207763671875,177.62632288733334,107.629984882068,170.474780857539,81.4261084038188,335.94624343667
2016-02-01,269.0191955566406,164.63500360008092,173.726311524705,201.696208318595,117.299065202935,303.761149474694
2016-03-01,323.1558532714844,149.90875380333014,193.932330414381,196.04331677314,221.707712528973,238.32971634625
2016-04-01,286.1773376464844,146.52940513828497,127.311683402362,110.612544208778,137.772085503854,164.777145818005
2016-05-01,260.2574768066406,143.18178962220304,129.305372806424,132.446750527219,52.6883699868647,179.303671208917
2016-06-01,357.20880126953125,170.72623325919793,125.44529245652,139.941920087951,137.829657410537,278.958486937499
2016-07-01,558.22216796875,142.58037876534905,116.008653718566,122.333077878294,87.1205469976846,143.295215463626
2016-08-01,288.78021240234375,146.2725572742125,125.902234536831,134.052757956803,76.454073899655,127.062778881769
2016-09-01,388.7496032714844,116.82179522165235,86.6078271996783,113.641930895634,110.947001380105,99.2962512593967
2016-10-01,261.8988952636719,130.35671121483344,87.623101703346,107.219730259791,103.551924843791,177.292025750624
2016-11-01,475.6709289550781,153.27729655302716,113.751296995996,118.966322456073,221.635832461761,166.504719852349
2016-12-01,646.9110107421875,185.59404112047565,241.157310771566,159.718322785059,133.932925520783,220.265687152144
2017-01-01,694.8494262695312,192.19640866857543,132.193103433736,121.874755704961,327.972621359049,180.912939185363
2017-02-01,464.5228271484375,165.14046490249072,170.883254828862,171.821752306045,157.552175206702,198.223686919086
2017-03-01,533.3043823242188,141.19361392445552,183.103322655153,127.771436785402,206.747617274639,187.05042860332
2017-04-01,322.3442687988281,131.44990221160595,74.20875920112,77.7330834975091,106.730459546537,91.0134448940648
2017-05-01,451.978515625,110.01675241828731,93.9545033386697,66.6202587840155,107.376660945669,54.8432148841865
2017-06-01,328.5535888671875,135.40830368418395,74.4483159002028,88.1845581796573,154.76786236917,97.3308062502933
2017-07-01,162.6932830810547,132.68636438635343,137.564725316493,95.4602053664487,275.643461256704,74.2855957956638
2017-08-01,265.25811767578125,113.96035314653709,49.3556919267721,63.7411366017524,89.0874914590503,78.3995310454313
2017-09-01,314.001220703125,110.92872770624217,58.8456987726383,80.6986659941391,93.7131670013977,78.4789528340381
2017-10-01,291.5835876464844,106.1273505381136,54.5932392705323,87.9192486208792,37.3027125892513,71.5363440534055
2017-11-01,268.0438537597656,107.5010227502965,73.1400385443203,61.9446583872993,91.6074214110172,41.7059045729674
2017-12-01,269.3547668457031,101.86542291987988,91.425462780121,75.501190188174,73.7638592043227,67.2644232942507
2018-01-01,122.9374008178711,122.58298454779636,85.8756591433649,71.9332189865173,132.72449936661,79.1764562677209
2018-02-01,211.78018188476562,128.25176659465578,125.635679473713,97.3212680961874,72.8100466854094,68.1097195865243
2018-03-01,245.5517120361328,112.36110549873071,178.010849581689,83.8034746967731,352.810857640441,68.3755978088974
2018-04-01,291.3069763183594,121.35609150981132,64.707815912033,50.4754552090239,788.307191286754,42.5810536750776
2018-05-01,374.10382080078125,103.61463100401458,57.5980310713173,47.5784627576497,176.891990209889,45.9365593824642
2018-06-01,465.4168395996094,123.8466329210944,85.406820231417,76.4340876349613,413.984209608443,61.529991647468
2018-07-01,561.0261840820312,141.73074935528444,175.617389572591,110.566408667628,932.142924051315,118.925242510021
2018-08-01,502.75372314453125,141.57917308455654,128.735377699609,95.4327367417186,440.658504271092,122.938363301822
2018-09-01,516.4866333007812,110.79301654644784,65.0150981850859,52.0388455949405,347.857985317922,73.3071991487943
2018-10-01,621.4263916015625,161.48155955646538,153.95693809191,115.944478189981,528.655304768124,124.325001892164
2018-11-01,677.53759765625,131.62575302605075,119.647114204576,67.9927034788886,359.817434650424,79.328251765966
2018-12-01,935.310302734375,141.55145,152.526709559524,101.721905553157,327.169394024356,68.9722225150282
2019-01-01,654.962646484375,163.0372901787532,126.976832884564,106.954823370607,239.427827242108,93.7337179029593
2019-02-01,720.1578979492188,137.3887359308298,118.728089346086,82.8106243252673,345.390946222453,58.4906883201462
2019-03-01,753.1077270507812,144.94516865270785,209.440086755629,85.9160324325884,381.342035524939,60.7173595439039
2019-04-01,502.550048828125,109.20070663730249,104.010671582602,70.3503485833802,241.670731601854,47.209658935195
2019-05-01,759.0687255859375,127.74823080366288,89.0942883706424,92.3605708922234,330.377718318575,58.7915881615156
2019-06-01,959.852294921875,174.22310918095,133.458242300919,110.457594820976,989.579040158914,55.8977470109898
2019-07-01,721.646728515625,138.6750462455773,158.969156908185,73.3643030890087,362.503397771442,72.3102135951002
2019-08-01,904.9383544921875,171.18857984154454,147.102171456993,154.114070875328,1031.00903954291,257.723333284423
2019-09-01,933.8838500976562,124.38653549762843,95.6054954886,62.6372205904268,282.459575364415,106.51508210057
2019-10-01,970.8298950195312,105.36575646707405,61.9110351242934,55.9887931153983,464.629295996908,60.3468768417983
2019-11-01,726.591064453125,125.04007073843717,42.273914390868,45.10194593578,427.251157929342,30.8903569847345
2019-12-01,894.895751953125,117.87987759677014,124.238433869603,79.4955741915786,284.322654315282,46.8726952422536
2020-01-01,755.2638549804688,148.70501565544174,92.052177121027,72.67757080096,417.840169973373,73.2140327799204
2020-02-01,646.3675537109375,126.12491020859358,147.65008440337,93.8098681196026,94.3404376232027,57.8902696027849
2020-03-01,734.6422729492188,151.52654,172.280524261554,148.837357859452,55.0957414705332,77.3156799472299
2020-04-01,819.1759033203125,164.50743481008152,143.7867750035115,98.27446678071233,165.61906458159868,52.67547591726199
2020-05-01,934.717041015625,175.47683995205776,253.16590260983403,85.70920909846598,216.75837483940796,49.528788264882934
2020-06-01,843.6151733398438,139.05426781601486,124.18756218671922,82.86548944966863,178.19934916857636,32.04917210836739
2020-07-01,893.408447265625,135.50719301874088,161.58223849891405,106.48830472770733,189.02157754414756,49.23131295174611
2020-08-01,805.5118408203125,169.26,112.80980736621929,80.88680497593307,152.93108948203982,35.47645007588014
