Trddt,I000002,I000020,I399005,I399106
2014-01-02,2207.56,851.9169999999999,5059.369000000001,1068.103
2014-01-03,2180.1,842.177,5068.6320000000005,1065.687
2014-01-06,2141.025,820.203,4950.747,1038.336
2014-01-07,2142.6639999999998,825.74,4988.5,1044.6660000000002
2014-01-08,2139.51,826.684,5019.879,1053.77
2014-01-09,2121.909,817.813,4944.613,1038.624
2014-01-10,2106.947,803.946,4860.31,1021.5930000000001
2014-01-13,2103.0660000000003,797.5319999999999,4828.985,1019.4689999999999
2014-01-14,2121.133,809.953,4901.99,1039.625
2014-01-15,2117.431,813.946,4962.5070000000005,1047.305
2014-01-16,2117.794,815.919,4931.816,1046.1689999999999
2014-01-17,2098.121,804.946,4866.125,1036.0330000000001
2014-01-20,2083.74,801.433,4816.9529999999995,1026.938
2014-01-21,2101.613,812.4830000000001,4873.892,1042.587
2014-01-22,2147.136,831.743,4985.267,1067.0539999999999
2014-01-23,2137.065,835.4730000000001,5020.456,1075.475
2014-01-24,2149.877,848.2710000000001,5103.420999999999,1089.529
2014-01-27,2127.755,845.841,5082.9490000000005,1083.21
2014-01-28,2133.335,843.477,5046.2390000000005,1079.843
2014-01-29,2145.242,852.0,5086.288,1089.004
2014-01-30,2127.617,849.882,5030.201,1081.269
2014-02-07,2139.597,863.325,5111.619000000001,1098.685
2014-02-10,2183.225,884.284,5292.0740000000005,1128.06
2014-02-11,2201.778,886.9169999999999,5268.298000000001,1127.221
2014-02-12,2208.388,895.6360000000001,5327.7609999999995,1139.0410000000002
2014-02-13,2196.354,882.573,5254.308000000001,1119.933
2014-02-14,2214.801,897.765,5330.344,1138.389
2014-02-17,2235.3920000000003,915.308,5412.611,1160.386
2014-02-18,2218.26,914.436,5386.633000000001,1155.623
2014-02-19,2242.944,916.582,5413.601,1157.198
2014-02-20,2238.965,903.7860000000001,5300.111,1139.269
2014-02-21,2212.635,900.803,5280.108,1135.011
2014-02-24,2173.928,899.3430000000001,5265.81,1134.192
2014-02-25,2129.5660000000003,869.39,5046.866,1089.2160000000001
2014-02-26,2137.0029999999997,874.681,5059.19,1094.734
2014-02-27,2143.462,864.6469999999999,4941.468,1075.48
2014-02-28,2152.801,874.2360000000001,5029.196,1090.865
2014-03-03,2172.565,893.3889999999999,5098.202,1109.412
2014-03-04,2168.581,892.551,5049.987,1106.348
2014-03-05,2149.1820000000002,888.568,5044.415,1103.673
2014-03-06,2156.0229999999997,886.3560000000001,5021.316,1105.691
2014-03-07,2154.35,884.331,4995.105,1102.282
2014-03-10,2092.751,852.1560000000001,4818.26,1064.06
2014-03-11,2094.9120000000003,855.3539999999999,4813.807,1064.295
2014-03-12,2091.308,852.5169999999999,4792.523,1062.785
2014-03-13,2113.714,861.2410000000001,4863.887,1078.348
2014-03-14,2098.2329999999997,858.735,4834.753,1074.192
2014-03-17,2118.512,873.9689999999999,4919.845,1096.355
2014-03-18,2120.067,877.1260000000001,4932.344,1099.902
2014-03-19,2116.464,878.7339999999999,4859.599,1094.444
2014-03-20,2086.916,856.623,4708.723,1065.4260000000002
2014-03-21,2143.936,873.7260000000001,4801.2609999999995,1084.496
2014-03-24,2163.4,881.83,4786.353,1085.48
2014-03-25,2164.416,884.128,4779.607,1083.3110000000001
2014-03-26,2160.612,883.9689999999999,4810.629,1088.855
2014-03-27,2142.681,872.715,4713.444,1067.323
2014-03-28,2137.547,857.2639999999999,4610.323,1044.141
2014-03-31,2128.785,850.0089999999999,4595.016,1039.879
2014-04-01,2143.58,862.824,4678.19,1057.008
2014-04-02,2155.702,862.143,4684.207,1055.12
2014-04-03,2139.69,862.294,4701.689,1055.5810000000001
2014-04-04,2155.532,871.298,4761.042,1068.068
2014-04-08,2196.981,880.1160000000001,4809.482,1078.201
2014-04-09,2204.212,888.418,4844.3820000000005,1087.885
2014-04-10,2234.6929999999998,893.808,4861.79,1092.6960000000001
2014-04-11,2230.743,893.038,4830.5109999999995,1088.1019999999999
2014-04-14,2231.808,898.227,4854.643,1094.413
2014-04-15,2200.3579999999997,892.46,4804.718,1085.9589999999998
2014-04-16,2204.087,894.4169999999999,4799.907,1085.058
2014-04-17,2197.5,892.471,4817.315,1086.232
2014-04-18,2196.327,896.8610000000001,4824.031,1089.358
2014-04-21,2162.897,881.9739999999999,4752.892,1074.779
2014-04-22,2170.21,879.183,4726.444,1066.497
2014-04-23,2164.506,875.0189999999999,4728.157999999999,1064.9289999999999
2014-04-24,2153.632,864.8610000000001,4669.262,1057.307
2014-04-25,2132.114,848.695,4584.175,1036.7160000000001
2014-04-28,2097.561,820.4839999999999,4478.168,1007.2710000000001
2014-04-29,2115.178,831.74,4528.599,1019.8380000000001
2014-04-30,2121.413,839.727,4552.266,1027.575
2014-05-05,2122.481,847.8889999999999,4598.168,1037.0330000000001
2014-05-06,2123.192,850.1519999999999,4645.01,1044.2
2014-05-07,2104.388,836.547,4558.12,1027.989
2014-05-08,2109.821,837.727,4541.251,1026.1960000000001
2014-05-09,2105.505,830.096,4496.458,1017.687
2014-05-12,2149.248,850.07,4610.8240000000005,1040.536
2014-05-13,2147.077,848.296,4600.149,1039.385
2014-05-14,2144.092,846.757,4603.157,1040.807
2014-05-15,2120.0,831.54,4503.607,1022.5139999999999
2014-05-16,2121.556,831.945,4499.775,1019.3639999999999
2014-05-19,2099.24,828.33,4465.4490000000005,1014.188
2014-05-20,2102.33,830.829,4479.8,1018.502
2014-05-21,2119.972,836.7760000000001,4537.455,1028.0
2014-05-22,2116.051,835.538,4537.197,1028.684
2014-05-23,2129.958,843.117,4584.83,1040.46
2014-05-26,2137.212,852.2560000000001,4626.206,1052.795
2014-05-27,2130.012,849.725,4610.845,1048.81
2014-05-28,2146.495,858.575,4688.5779999999995,1063.221
2014-05-29,2136.409,851.0310000000001,4635.399,1050.578
2014-05-30,2135.087,852.279,4651.803,1053.751
2014-06-03,2134.187,850.3610000000001,4655.33,1052.884
2014-06-04,2120.044,844.318,4595.688,1044.4289999999999
2014-06-05,2136.812,853.962,4645.286,1058.299
2014-06-06,2125.325,852.1089999999999,4652.06,1055.559
2014-06-09,2125.905,848.6239999999999,4622.083,1049.307
2014-06-10,2149.016,857.091,4691.189,1063.884
2014-06-11,2151.558,861.424,4706.57,1068.927
2014-06-12,2148.215,862.61,4693.72,1066.556
2014-06-13,2168.176,869.78,4745.714,1079.361
2014-06-16,2184.237,872.243,4781.891,1086.5339999999999
2014-06-17,2164.038,865.6619999999999,4728.663,1075.805
2014-06-18,2152.324,860.3439999999999,4706.47,1068.721
2014-06-19,2118.967,840.1419999999999,4583.366,1040.421
2014-06-20,2122.009,848.1389999999999,4631.572,1050.114
2014-06-23,2119.624,854.63,4671.123,1061.259
2014-06-24,2129.719,862.294,4696.4890000000005,1068.501
2014-06-25,2120.905,858.242,4662.862,1064.234
2014-06-26,2134.667,868.066,4731.819,1080.3319999999999
2014-06-27,2132.348,875.507,4740.34,1086.976
2014-06-30,2144.746,883.645,4794.715,1096.7839999999999
2014-07-01,2146.875,888.758,4830.7390000000005,1101.723
2014-07-02,2156.347,893.7289999999999,4844.403,1106.938
2014-07-03,2160.323,899.788,4860.904,1113.9089999999999
2014-07-04,2156.249,897.113,4845.651,1113.5510000000002
2014-07-07,2156.785,896.613,4822.628,1111.825
2014-07-08,2161.05,901.2769999999999,4846.974,1120.376
2014-07-09,2134.41,889.587,4749.7390000000005,1102.427
2014-07-10,2134.062,891.32,4697.569,1100.863
2014-07-11,2143.103,900.7180000000001,4712.544,1107.815
2014-07-14,2163.764,912.053,4752.607,1121.045
2014-07-15,2167.675,913.6060000000001,4748.45,1116.754
2014-07-16,2164.471,904.544,4706.241,1105.224
2014-07-17,2152.2,900.586,4667.88,1099.053
2014-07-18,2155.8320000000003,901.2080000000001,4669.831,1101.255
2014-07-21,2151.007,898.5360000000001,4683.734,1100.085
2014-07-22,2173.029,909.61,4731.044,1114.757
2014-07-23,2176.212,904.58,4693.4259999999995,1102.731
2014-07-24,2204.09,902.055,4666.43,1101.0919999999999
2014-07-25,2226.701,911.7710000000001,4713.948,1111.524
2014-07-28,2280.536,928.247,4816.367,1133.833
2014-07-29,2285.958,936.7739999999999,4892.173,1145.738
2014-07-30,2283.917,940.312,4915.369000000001,1150.5610000000001
2014-07-31,2305.2129999999997,947.855,4950.719,1160.013
2014-08-01,2288.117,936.8489999999999,4889.853,1148.29
2014-08-04,2328.021,949.8580000000001,4949.502,1164.322
2014-08-05,2324.433,954.422,4989.396,1172.762
2014-08-06,2321.806,959.706,5020.482,1177.3319999999999
2014-08-07,2290.495,951.416,4969.083,1166.496
2014-08-08,2297.615,959.738,4994.170999999999,1174.41
2014-08-11,2329.298,973.319,5065.893,1191.358
2014-08-12,2326.0029999999997,980.1489999999999,5082.398,1194.943
2014-08-13,2327.172,981.336,5078.179,1194.8110000000001
2014-08-14,2309.887,975.439,5038.027,1187.953
2014-08-15,2331.124,987.557,5106.475,1201.175
2014-08-18,2344.407,1003.127,5187.89,1218.731
2014-08-19,2350.572,1009.0010000000001,5206.456,1223.087
2014-08-20,2345.149,1008.53,5212.298,1222.116
2014-08-21,2334.992,1010.159,5224.582,1223.827
2014-08-22,2345.831,1018.3560000000001,5257.880999999999,1232.504
2014-08-25,2333.8,1010.8610000000001,5224.191,1223.067
2014-08-26,2310.578,993.38,5150.575,1202.464
2014-08-27,2313.027,996.252,5193.899,1209.204
2014-08-28,2298.621,988.258,5135.342000000001,1198.708
2014-08-29,2320.986,999.4760000000001,5203.026,1212.256
2014-09-01,2340.12,1017.993,5290.366,1232.56
2014-09-02,2372.199,1035.385,5349.6230000000005,1249.0610000000001
2014-09-03,2395.8920000000003,1043.008,5391.2919999999995,1258.743
2014-09-04,2415.045,1054.52,5427.9,1268.5610000000001
2014-09-05,2435.574,1057.996,5449.023,1273.681
2014-09-09,2435.656,1064.215,5475.102,1279.516
2014-09-10,2427.038,1068.901,5478.795,1285.181
2014-09-11,2420.011,1068.343,5458.445,1283.027
2014-09-12,2441.27,1081.002,5510.354,1294.789
2014-09-15,2448.766,1093.921,5552.701999999999,1304.201
2014-09-16,2404.18,1059.307,5339.49,1263.0410000000002
2014-09-17,2416.011,1068.149,5377.786999999999,1271.337
2014-09-18,2424.436,1077.66,5398.323,1279.427
2014-09-19,2438.641,1090.48,5440.257,1291.228
2014-09-22,2397.161,1078.1680000000001,5358.4580000000005,1275.519
2014-09-23,2417.993,1094.193,5420.465,1291.4180000000001
2014-09-24,2453.42,1109.131,5480.562,1309.141
2014-09-25,2455.007,1110.692,5489.715,1309.0439999999999
2014-09-26,2457.736,1118.272,5509.826,1312.6029999999998
2014-09-29,2468.17,1126.522,5564.706,1324.942
2014-09-30,2474.589,1133.624,5604.8,1333.503
2014-10-08,2494.495,1149.969,5666.821999999999,1351.8239999999998
2014-10-09,2501.476,1151.839,5676.318,1355.7060000000001
2014-10-10,2485.988,1146.326,5640.934,1350.599
2014-10-13,2477.08,1145.085,5600.071999999999,1349.467
2014-10-14,2470.235,1142.181,5577.213000000001,1345.642
2014-10-15,2485.092,1151.8210000000001,5611.5419999999995,1351.125
2014-10-16,2467.115,1136.229,5525.425,1332.8970000000002
2014-10-17,2451.0389999999998,1125.406,5479.347,1323.521
2014-10-20,2467.345,1139.236,5555.465999999999,1340.9779999999998
2014-10-21,2449.499,1131.5339999999999,5517.563,1330.766
2014-10-22,2435.748,1118.325,5469.073,1316.027
2014-10-23,2410.47,1097.96,5402.805,1296.053
2014-10-24,2410.306,1101.397,5410.856,1296.643
2014-10-27,2397.92,1111.4460000000001,5440.906,1302.392
2014-10-28,2447.633,1137.8310000000001,5539.438,1333.526
2014-10-29,2484.5389999999998,1153.619,5575.705,1349.975
2014-10-30,2503.502,1154.057,5568.535,1349.5729999999999
2014-10-31,2534.065,1152.725,5557.576999999999,1350.4979999999998
2014-11-03,2544.3179999999998,1161.11,5575.465999999999,1361.379
2014-11-04,2545.044,1154.4560000000001,5523.68,1353.8139999999999
2014-11-05,2533.105,1154.896,5514.621999999999,1353.119
2014-11-06,2540.085,1159.448,5549.1759999999995,1364.5339999999999
2014-11-07,2532.032,1151.536,5495.866,1354.358
2014-11-10,2590.333,1159.486,5533.825,1365.639
2014-11-11,2586.224,1121.527,5370.031999999999,1325.731
2014-11-12,2612.18,1141.383,5421.58,1345.412
2014-11-13,2602.896,1132.43,5314.681,1325.7820000000002
2014-11-14,2595.8,1130.983,5324.227,1322.62
2014-11-17,2590.627,1142.522,5382.963000000001,1335.73
2014-11-18,2572.085,1146.56,5389.135,1338.0910000000001
2014-11-19,2566.399,1153.594,5418.177,1347.359
2014-11-20,2568.141,1151.063,5381.925,1344.57
2014-11-21,2603.9410000000003,1160.952,5425.351,1359.8270000000002
2014-11-24,2652.23,1176.19,5475.6990000000005,1377.7910000000002
2014-11-25,2688.44,1194.104,5574.098000000001,1397.41
2014-11-26,2727.078,1203.203,5581.571999999999,1405.655
2014-11-27,2754.539,1212.624,5598.882,1416.1770000000001
2014-11-28,2809.632,1208.305,5587.196,1420.319
2014-12-01,2806.937,1197.7169999999999,5554.36,1412.5620000000001
2014-12-02,2894.4990000000003,1212.164,5614.7480000000005,1433.496
2014-12-03,2911.237,1221.778,5697.798000000001,1452.9229999999998
2014-12-04,3037.19,1244.0919999999999,5813.090999999999,1481.964
2014-12-05,3077.514,1220.933,5697.714,1454.634
2014-12-08,3164.3059999999996,1235.4389999999999,5713.920999999999,1466.649
2014-12-09,2992.1209999999996,1183.637,5488.996999999999,1403.389
2014-12-10,3079.8520000000003,1220.626,5701.746999999999,1452.5279999999998
2014-12-11,3064.6890000000003,1235.167,5726.451999999999,1465.5870000000002
2014-12-12,3077.748,1247.914,5778.594,1479.82
2014-12-15,3093.68,1269.243,5882.182,1500.5639999999999
2014-12-16,3165.265,1270.547,5850.281999999999,1503.5839999999998
2014-12-17,3206.9,1252.817,5793.111,1492.941
2014-12-18,3203.1059999999998,1251.0710000000001,5760.814,1484.259
2014-12-19,3256.7540000000004,1238.2169999999999,5668.147,1465.588
2014-12-22,3276.8909999999996,1184.013,5453.219,1412.3010000000002
2014-12-23,3177.368,1165.671,5386.001,1392.619
2014-12-24,3114.071,1187.8419999999999,5453.278,1404.4
2014-12-25,3219.059,1207.463,5518.834,1424.618
2014-12-26,3308.393,1220.521,5565.6140000000005,1439.477
2014-12-29,3319.475,1201.167,5498.047,1418.489
2014-12-30,3317.1409999999996,1176.545,5391.388000000001,1398.567
2014-12-31,3389.395,1185.509,5461.191,1415.191
2015-01-05,3511.048,1197.272,5589.784000000001,1436.864
2015-01-06,3512.067,1213.403,5705.732,1461.316
2015-01-07,3535.683,1218.891,5663.687,1457.4470000000001
2015-01-08,3451.105,1212.873,5674.312,1451.145
2015-01-09,3442.6620000000003,1202.138,5667.031,1442.8370000000002
2015-01-12,3383.836,1185.92,5679.931,1432.56
2015-01-13,3390.07,1201.268,5825.688,1452.366
2015-01-14,3376.551,1196.349,5784.224,1445.858
2015-01-15,3496.347,1208.665,5790.74,1459.692
2015-01-16,3538.422,1219.655,5890.847,1478.467
2015-01-19,3265.3390000000004,1175.702,5743.571,1428.37
2015-01-20,3324.7529999999997,1214.393,5960.639,1476.8410000000001
2015-01-21,3482.883,1244.454,6081.284000000001,1512.2920000000001
2015-01-22,3503.5609999999997,1265.775,6147.437,1530.275
2015-01-23,3512.425,1257.402,6056.395,1514.297
2015-01-26,3545.407,1282.878,6206.111999999999,1548.016
2015-01-27,3513.665,1293.117,6236.174,1549.931
2015-01-28,3464.0559999999996,1284.264,6166.513000000001,1538.856
2015-01-29,3418.4309999999996,1275.781,6138.394,1529.3829999999998
2015-01-30,3363.869,1261.502,6046.61,1512.388
2015-02-02,3277.586,1258.308,6022.818,1502.891
2015-02-03,3358.0840000000003,1276.288,6190.701999999999,1533.217
2015-02-04,3325.7329999999997,1269.5510000000002,6164.861999999999,1529.04
2015-02-05,3286.1859999999997,1260.888,6151.99,1526.1129999999998
2015-02-06,3222.5170000000003,1241.695,6025.346,1495.2620000000002
2015-02-09,3242.7129999999997,1239.376,5994.960999999999,1489.3929999999998
2015-02-10,3291.491,1250.336,6141.679,1512.49
2015-02-11,3308.383,1268.433,6224.941,1533.3220000000001
2015-02-12,3324.883,1276.779,6259.534000000001,1544.8039999999999
2015-02-13,3356.817,1296.9389999999999,6358.960999999999,1569.5610000000001
2015-02-16,3376.276,1323.6779999999999,6546.481,1600.046
2015-02-17,3402.06,1333.918,6568.066999999999,1610.727
2015-02-25,3383.188,1330.779,6516.0740000000005,1598.3039999999999
2015-02-26,3456.199,1343.616,6568.736,1614.71
2015-02-27,3468.699,1354.3029999999999,6630.63,1630.0510000000002
2015-03-02,3495.987,1381.2679999999998,6738.643,1663.651
2015-03-03,3419.1409999999996,1375.39,6645.018,1644.994
2015-03-04,3436.3779999999997,1394.655,6764.725,1673.244
2015-03-05,3403.7209999999995,1397.931,6802.2519999999995,1677.766
2015-03-06,3396.05,1387.694,6640.891,1651.771
2015-03-09,3460.377,1406.308,6736.91,1672.0710000000001
2015-03-10,3443.1459999999997,1421.94,6870.968000000001,1691.981
2015-03-11,3448.219,1423.0179999999998,6841.922,1689.154
2015-03-12,3509.599,1422.406,6830.313,1684.835
2015-03-13,3534.327,1439.4560000000001,6932.0419999999995,1708.079
2015-03-16,3614.522,1485.4820000000002,7193.21,1760.19
2015-03-17,3670.9190000000003,1499.774,7221.133000000001,1781.775
2015-03-18,3749.1209999999996,1520.434,7358.887,1818.376
2015-03-19,3754.323,1531.901,7373.491999999999,1827.858
2015-03-20,3791.112,1549.231,7423.805,1852.943
2015-03-23,3865.048,1579.973,7671.223000000001,1903.644
2015-03-24,3868.8990000000003,1580.7,7765.888000000001,1922.8470000000002
2015-03-25,3836.663,1590.941,7900.5019999999995,1943.6879999999999
2015-03-26,3859.134,1578.545,7748.861999999999,1914.226
2015-03-27,3868.5209999999997,1595.92,7877.509,1935.594
2015-03-30,3968.8259999999996,1609.5410000000002,7945.118,1948.06
2015-03-31,3928.24,1611.0479999999998,8005.861,1958.4029999999998
2015-04-01,3993.822,1647.172,8233.141,2005.6660000000002
2015-04-02,4010.045,1675.654,8384.183,2043.026
2015-04-03,4050.095,1711.01,8476.135,2080.395
2015-04-07,4152.51,1744.882,8596.269,2124.093
2015-04-08,4187.659000000001,1728.632,8428.139000000001,2109.034
2015-04-09,4148.369000000001,1717.891,8280.244,2096.972
2015-04-10,4227.928,1761.749,8519.187,2149.112
2015-04-13,4318.564,1804.9779999999998,8715.115,2187.7329999999997
2015-04-14,4332.719,1808.9170000000001,8663.161,2181.887
2015-04-15,4278.581,1739.4360000000001,8340.269,2101.65
2015-04-16,4394.647,1761.513,8450.194,2126.153
2015-04-17,4492.079000000001,1772.526,8442.205,2136.27
2015-04-20,4418.898,1727.773,8214.044,2093.706
2015-04-21,4498.928,1786.2839999999999,8532.519,2174.925
2015-04-22,4608.744000000001,1837.921,8775.934000000001,2234.4610000000002
2015-04-23,4625.558,1850.537,8886.079,2256.975
2015-04-24,4603.647,1849.5479999999998,8889.791,2256.362
2015-04-27,4744.093,1869.4170000000001,8935.338,2271.275
2015-04-28,4690.628,1810.336,8637.195,2208.561
2015-04-29,4690.777,1855.408,8798.153,2254.975
2015-04-30,4653.8279999999995,1862.336,8777.176,2267.7729999999997
2015-05-04,4694.5509999999995,1873.247,8812.721,2281.655
2015-05-05,4503.738,1804.989,8570.619,2217.886
2015-05-06,4430.748,1787.95,8615.402,2206.709
2015-05-07,4308.045999999999,1763.599,8542.094000000001,2181.299
2015-05-08,4406.318,1837.7079999999999,8937.735999999999,2272.169
2015-05-11,4539.894,1917.165,9404.142,2373.916
2015-05-12,4610.692,1969.016,9597.214,2425.902
2015-05-13,4583.85,1991.39,9725.186,2445.873
2015-05-14,4586.326,1998.47,9706.707,2454.198
2015-05-15,4512.169,1989.47,9632.983,2442.756
2015-05-18,4485.035,2035.786,9929.348,2501.4610000000002
2015-05-19,4625.793,2084.0370000000003,10196.282,2567.2870000000003
2015-05-20,4655.555,2116.266,10387.252,2619.324
2015-05-21,4742.558,2170.133,10856.31,2713.4190000000003
2015-05-22,4877.427,2214.283,10929.201000000001,2740.917
2015-05-25,5041.438,2278.405,11140.945,2785.071
2015-05-26,5143.048,2366.2729999999997,11564.428,2884.6609999999996
2015-05-27,5175.495,2395.659,11580.686000000002,2918.0240000000003
2015-05-28,4838.534000000001,2247.658,10851.555,2756.926
2015-05-29,4829.128,2270.775,10972.107,2793.2540000000004
2015-06-01,5056.189,2384.903,11500.139,2926.962
2015-06-02,5141.616,2470.571,11896.232,3029.974
2015-06-03,5141.178,2481.613,11788.458999999999,3041.4120000000003
2015-06-04,5180.262,2478.641,11678.815,3023.697
2015-06-05,5260.249,2519.053,11718.204,3051.955
2015-06-08,5375.181,2498.179,11530.77,2999.34
2015-06-09,5356.015,2505.2960000000003,11503.858,2994.853
2015-06-10,5347.741,2566.532,11746.203000000001,3055.58
2015-06-11,5363.964,2619.922,11934.713,3100.935
2015-06-12,5410.861,2654.723,11996.52,3140.6620000000003
2015-06-15,5302.775,2595.9539999999997,11702.627,3073.07
2015-06-16,5118.539000000001,2495.097,11230.714,2962.655
2015-06-17,5203.269,2541.426,11385.381000000001,3021.4
2015-06-18,5011.623,2460.335,10897.676000000001,2913.6
2015-06-19,4689.563,2303.8289999999997,10273.54,2742.184
2015-06-23,4792.857,2313.519,10462.947,2774.636
2015-06-24,4912.224,2364.334,10585.61,2822.7340000000004
2015-06-25,4742.384,2277.353,10160.601,2716.7090000000003
2015-06-26,4391.911,2090.654,9306.016,2502.955
2015-06-29,4245.472,1943.4189999999999,8690.817,2351.403
2015-06-30,4479.904,2032.192,9232.476999999999,2464.226
2015-07-01,4245.663,1913.3239999999998,8879.517,2346.132
2015-07-02,4098.084,1776.981,8440.759,2215.814
2015-07-03,3861.592,1657.6729999999998,8068.065,2098.478
2015-07-06,3955.9959999999996,1576.4370000000001,8028.182,2041.852
2015-07-07,3905.9440000000004,1476.683,7531.184,1932.832
2015-07-08,3675.6440000000002,1412.5739999999998,7427.092,1884.454
2015-07-09,3887.308,1470.612,7677.2119999999995,1955.352
2015-07-10,4063.434,1539.01,8001.471,2035.26
2015-07-13,4159.782999999999,1641.0439999999999,8390.793,2120.246
2015-07-14,4111.755999999999,1698.2420000000002,8555.756,2149.516
2015-07-15,3987.9309999999996,1596.901,8117.238,2058.843
2015-07-16,4005.7529999999997,1612.6589999999999,8277.098,2086.5170000000003
2015-07-17,4146.029,1703.592,8742.146999999999,2190.4179999999997
2015-07-20,4182.639,1746.362,8890.123,2230.292
2015-07-21,4209.5109999999995,1781.2060000000001,8999.72,2265.099
2015-07-22,4218.309,1807.6329999999998,9059.048,2287.98
2015-07-23,4320.844,1871.075,9260.392,2352.649
2015-07-24,4265.34,1849.6770000000001,9075.246,2322.706
2015-07-27,3903.4559999999997,1709.4189999999999,8370.605,2160.092
2015-07-28,3836.99,1647.237,8250.613000000001,2111.698
2015-07-29,3969.366,1729.348,8611.221,2198.813
2015-07-30,3882.0290000000005,1697.2179999999998,8306.544,2128.155
2015-07-31,3838.072,1661.856,8336.12,2110.6220000000003
2015-08-03,3795.902,1588.5410000000002,8233.476,2053.116
2015-08-04,3935.673,1679.6429999999998,8609.322,2150.952
2015-08-05,3870.725,1668.079,8472.723,2128.416
2015-08-06,3836.131,1662.381,8388.795,2113.6479999999997
2015-08-07,3922.6890000000003,1720.1789999999999,8605.333,2177.154
2015-08-10,4115.724,1809.922,8955.174,2274.842
2015-08-11,4115.242,1829.254,8924.757,2284.272
2015-08-12,4071.607,1810.38,8807.987,2249.18
2015-08-13,4143.094,1860.806,9012.303,2298.7929999999997
2015-08-14,4154.377,1882.746,9043.351999999999,2310.399
2015-08-17,4184.133,1930.453,9103.32,2327.485
2015-08-18,3927.032,1784.2120000000002,8514.902,2174.419
2015-08-19,3974.987,1832.31,8684.993,2222.049
2015-08-20,3838.801,1756.715,8436.473,2155.492
2015-08-21,3674.723,1663.976,8009.026999999999,2039.396
2015-08-24,3362.83,1531.59,7391.445,1882.4620000000002
2015-08-25,3106.3309999999997,1419.0629999999999,6856.561,1749.0720000000001
2015-08-26,3066.6440000000002,1365.649,6676.205,1695.7579999999998
2015-08-27,3230.408,1413.4129999999998,6933.053000000001,1752.2120000000002
2015-08-28,3386.184,1496.632,7293.456999999999,1846.826
2015-08-31,3358.812,1445.2279999999998,7133.326,1790.31
2015-09-01,3317.961,1358.866,6860.525,1707.777
2015-09-02,3311.434,1311.454,6849.937,1673.951
2015-09-07,3227.365,1328.266,6787.735,1677.332
2015-09-08,3321.426,1390.194,7013.5419999999995,1741.537
2015-09-09,3397.554,1439.4460000000001,7214.294,1798.8410000000001
2015-09-10,3350.19,1415.9779999999998,7067.403,1770.375
2015-09-11,3352.362,1436.0970000000002,7094.411999999999,1781.351
2015-09-14,3263.368,1342.5020000000002,6583.0419999999995,1662.888
2015-09-15,3148.2329999999997,1271.296,6241.2390000000005,1580.256
2015-09-16,3302.1490000000003,1356.935,6667.584,1683.359
2015-09-17,3232.802,1331.779,6559.5419999999995,1658.415
2015-09-18,3245.111,1351.277,6615.403,1679.095
2015-09-21,3306.421,1398.91,6865.579000000001,1738.642
2015-09-22,3336.958,1410.344,6941.161,1750.9070000000002
2015-09-23,3263.7129999999997,1393.0639999999999,6861.672,1736.444
2015-09-24,3291.8059999999996,1415.6960000000001,6939.559,1757.536
2015-09-25,3239.04,1369.6629999999998,6708.308000000001,1697.115
2015-09-28,3247.803,1389.3329999999999,6850.12,1737.9189999999999
2015-09-29,3182.0570000000002,1362.5810000000001,6743.206999999999,1711.715
2015-09-30,3197.3720000000003,1365.0970000000002,6779.704000000001,1716.78
2015-10-08,3292.2870000000003,1413.97,7038.194,1785.392
2015-10-09,3334.031,1435.731,7133.516,1811.628
2015-10-12,3443.406,1490.2079999999999,7428.181,1887.2820000000002
2015-10-13,3449.1409999999996,1511.865,7480.366999999999,1907.121
2015-10-14,3416.903,1493.6429999999998,7399.973000000001,1884.155
2015-10-15,3496.095,1543.1589999999999,7628.345,1941.2839999999999
2015-10-16,3551.828,1575.981,7710.468000000001,1966.9620000000002
2015-10-19,3547.079,1572.225,7703.725,1969.639
2015-10-20,3587.535,1600.0479999999998,7875.637,2008.48
2015-10-21,3478.1240000000003,1503.1670000000001,7411.859,1889.1329999999998
2015-10-22,3528.2329999999997,1561.565,7671.76,1959.19
2015-10-23,3573.855,1607.264,7823.706,2016.737
2015-10-26,3591.9120000000003,1615.6860000000001,7889.241,2030.479
2015-10-27,3596.857,1635.0479999999998,7928.634,2043.777
2015-10-28,3534.9109999999996,1597.622,7724.008000000001,1998.38
2015-10-29,3547.49,1621.39,7771.855,2014.396
2015-10-30,3542.16,1619.44,7795.92,2014.86
2015-11-02,3481.9429999999998,1585.851,7647.0019999999995,1987.973
2015-11-03,3473.12,1587.93,7630.68,1987.47
2015-11-04,3622.98,1662.4470000000001,8039.353,2089.2889999999998
2015-11-05,3689.384,1665.7839999999999,8032.868,2093.467
2015-11-06,3759.862,1709.496,8265.496,2152.43
2015-11-09,3819.442,1737.0379999999998,8406.663,2191.603
2015-11-10,3812.716,1749.81,8443.868,2209.605
2015-11-11,3822.882,1777.098,8554.574,2253.212
2015-11-12,3804.6290000000004,1785.0870000000002,8534.121,2259.486
2015-11-13,3749.885,1759.0839999999998,8345.631,2205.565
2015-11-16,3777.327,1792.358,8513.259,2250.9770000000003
2015-11-17,3775.031,1780.964,8447.521,2231.1820000000002
2015-11-18,3737.032,1744.891,8266.7,2189.883
2015-11-19,3787.885,1789.6370000000002,8519.071,2257.21
2015-11-20,3801.973,1816.269,8580.416,2285.826
2015-11-23,3780.923,1804.655,8532.518,2268.618
2015-11-24,3786.9590000000003,1822.267,8613.72,2300.0879999999997
2015-11-25,3820.134,1858.193,8754.105,2343.619
2015-11-26,3807.215,1851.642,8655.056999999999,2325.688
2015-11-27,3598.35,1741.9660000000001,8096.4490000000005,2184.113
2015-11-30,3607.3920000000003,1748.7160000000001,8163.049,2203.606
2015-12-01,3618.813,1751.434,8163.05,2198.283
2015-12-02,3703.4829999999997,1740.8670000000002,8183.654,2189.314
2015-12-03,3753.724,1785.497,8346.635,2243.9429999999998
2015-12-04,3690.901,1781.406,8235.208,2233.26
2015-12-07,3703.3379999999997,1804.1789999999999,8316.891,2261.407
2015-12-08,3633.2690000000002,1765.457,8139.191,2221.266
2015-12-09,3635.553,1760.444,8115.7609999999995,2214.21
2015-12-10,3617.691,1756.906,8134.48,2211.862
2015-12-11,3595.6820000000002,1740.639,8082.685,2195.856
2015-12-14,3685.935,1774.473,8259.688,2239.678
2015-12-15,3674.967,1796.15,8323.431,2264.722
2015-12-16,3680.988,1806.065,8344.35,2280.117
2015-12-17,3747.914,1852.4160000000002,8512.475,2342.1820000000002
2015-12-18,3746.762,1856.5839999999998,8478.873,2335.603
2015-12-21,3813.086,1880.1879999999999,8573.696,2357.989
2015-12-22,3822.447,1898.126,8652.636,2379.627
2015-12-23,3805.9179999999997,1876.6029999999998,8556.143,2351.064
2015-12-24,3781.1009999999997,1873.39,8517.341,2346.371
2015-12-25,3796.9559999999997,1886.665,8565.716999999999,2359.728
2015-12-28,3699.304,1844.369,8392.675,2308.377
2015-12-29,3730.41,1865.504,8467.39,2330.355
2015-12-30,3739.7009999999996,1882.261,8542.202,2351.353
2015-12-31,3704.295,1857.575,8393.825,2308.907
2016-01-04,3450.4709999999995,1706.62,7705.715999999999,2119.901
2016-01-05,3440.785,1679.07,7604.328,2079.772
2016-01-06,3518.5409999999997,1722.185,7747.718000000001,2133.956
2016-01-07,3270.7059999999997,1578.372,7113.516,1958.089
2016-01-08,3334.934,1592.521,7200.3,1978.721
2016-01-11,3157.712,1478.289,6745.32,1848.102
2016-01-12,3164.067,1467.854,6810.767,1855.391
2016-01-13,3087.204,1405.525,6602.306,1791.182
2016-01-14,3147.863,1450.799,6842.090999999999,1859.37
2016-01-15,3036.045,1399.605,6632.113,1796.131
2016-01-18,3049.492,1423.965,6741.677,1830.329
2016-01-19,3147.7259999999997,1478.619,6971.626,1895.749
2016-01-20,3115.336,1470.807,6876.357,1876.307
2016-01-21,3014.708,1408.5020000000002,6632.845,1800.9920000000002
2016-01-22,3052.467,1434.08,6700.964,1827.3370000000002
2016-01-25,3075.422,1452.424,6760.554,1845.783
2016-01-26,2877.697,1347.726,6304.518,1714.421
2016-01-27,2862.75,1331.297,6256.075,1700.1529999999998
2016-01-28,2778.982,1272.43,6047.346,1629.065
2016-01-29,2864.758,1315.5379999999998,6272.911999999999,1689.43
2016-02-01,2813.679,1295.282,6201.9890000000005,1671.908
2016-02-02,2877.2090000000003,1341.779,6391.59,1729.089
2016-02-03,2866.3559999999998,1346.3370000000002,6398.524,1737.2
2016-02-04,2910.078,1377.201,6484.771,1771.067
2016-02-05,2891.6220000000003,1368.361,6399.217,1750.703
2016-02-15,2873.572,1367.4,6400.88,1750.016
2016-02-16,2968.3320000000003,1423.96,6643.883000000001,1821.7079999999999
2016-02-17,3000.552,1445.2939999999999,6727.219,1847.648
2016-02-18,2995.7929999999997,1448.082,6687.463000000001,1841.4160000000002
2016-02-19,2992.797,1456.4679999999998,6714.978,1850.513
2016-02-22,3063.165,1486.504,6843.932,1888.181
2016-02-23,3038.158,1476.842,6798.581999999999,1877.185
2016-02-24,3064.928,1488.374,6784.095,1876.474
2016-02-25,2868.492,1369.239,6284.616999999999,1738.668
2016-02-26,2895.599,1365.8239999999998,6304.217,1736.5379999999998
2016-02-29,2812.804,1281.759,5998.284000000001,1643.355
2016-03-01,2860.095,1308.285,6138.7480000000005,1681.474
2016-03-02,2982.0890000000004,1374.766,6399.4890000000005,1760.5829999999999
2016-03-03,2992.712,1382.668,6404.891,1758.132
2016-03-04,3007.986,1336.422,6261.244000000001,1706.9660000000001
2016-03-07,3032.1929999999998,1371.9779999999998,6352.8769999999995,1741.645
2016-03-08,3036.427,1379.83,6358.052,1750.535
2016-03-09,2995.812,1349.3470000000002,6242.9259999999995,1713.444
2016-03-10,2935.105,1327.0510000000002,6159.3369999999995,1688.9720000000002
2016-03-11,2940.937,1325.741,6140.842,1685.239
2016-03-14,2992.377,1374.425,6335.972,1745.286
2016-03-15,2997.514,1367.205,6273.005,1729.079
2016-03-16,3004.0229999999997,1354.7060000000001,6199.729,1711.465
2016-03-17,3039.978,1399.0079999999998,6410.727,1772.43
2016-03-18,3092.593,1450.66,6632.2390000000005,1837.21
2016-03-21,3159.276,1494.086,6801.93,1886.372
2016-03-22,3138.888,1491.98,6811.986999999999,1880.7839999999999
2016-03-23,3149.9709999999995,1505.703,6887.846,1902.5320000000002
2016-03-24,3098.61,1482.305,6777.165,1876.106
2016-03-25,3117.934,1496.979,6812.943,1885.1789999999999
2016-03-28,3095.224,1490.3370000000002,6750.736999999999,1874.655
2016-03-29,3055.435,1460.5079999999998,6638.835,1840.509
2016-03-30,3140.135,1511.414,6875.674,1906.765
2016-03-31,3143.563,1516.807,6864.8009999999995,1912.2089999999998
2016-04-01,3149.4709999999995,1509.501,6799.1140000000005,1901.515
2016-04-05,3195.1209999999996,1553.479,6975.494000000001,1951.105
2016-04-06,3192.505,1558.487,7012.321999999999,1961.707
2016-04-07,3148.258,1534.136,6871.478,1930.263
2016-04-08,3123.705,1524.35,6830.380999999999,1914.3220000000001
2016-04-11,3175.087,1555.5739999999998,6943.451999999999,1952.4779999999998
2016-04-12,3164.2529999999997,1542.2579999999998,6893.314,1935.6029999999998
2016-04-13,3209.3179999999998,1560.911,6985.258000000001,1962.432
2016-04-14,3225.7929999999997,1579.359,7040.493,1982.451
2016-04-15,3221.3379999999997,1585.0710000000001,7011.919,1978.5839999999998
2016-04-18,3174.759,1559.737,6878.179,1952.4089999999999
2016-04-19,3184.38,1568.7839999999999,6894.2480000000005,1958.2
2016-04-20,3110.865,1497.986,6620.659000000001,1871.5120000000002
2016-04-21,3090.217,1479.568,6553.734,1848.529
2016-04-22,3096.845,1490.891,6611.613,1867.555
2016-04-25,3083.6679999999997,1482.828,6595.642,1859.9
2016-04-26,3102.559,1500.7,6656.755999999999,1881.986
2016-04-27,3090.9770000000003,1499.099,6625.581,1876.513
2016-04-28,3082.507,1493.0929999999998,6611.786999999999,1874.308
2016-04-29,3074.873,1492.8429999999998,6616.826999999999,1873.993
2016-05-03,3131.7870000000003,1536.711,6812.147,1929.029
2016-05-04,3130.3559999999998,1538.4170000000001,6804.804,1928.632
2016-05-05,3137.263,1545.83,6825.509,1942.5439999999999
2016-05-06,3048.577,1479.986,6563.616999999999,1871.609
2016-05-09,2963.5429999999997,1415.741,6390.903,1804.344
2016-05-10,2964.099,1411.045,6400.159000000001,1802.2720000000002
2016-05-11,2968.933,1405.382,6390.857,1791.055
2016-05-12,2967.7859999999996,1398.933,6426.766,1790.027
2016-05-13,2958.656,1396.381,6398.485,1784.329
2016-05-16,2983.535,1421.354,6512.528,1815.027
2016-05-17,2976.01,1418.884,6505.023,1814.6789999999999
2016-05-18,2938.3190000000004,1378.625,6366.701,1766.08
2016-05-19,2937.9509999999996,1386.764,6379.460999999999,1775.884
2016-05-20,2957.4359999999997,1403.3929999999998,6433.558000000001,1794.953
2016-05-23,2976.406,1424.576,6484.898,1820.9920000000002
2016-05-24,2953.4190000000003,1409.5420000000001,6420.264,1804.6029999999998
2016-05-25,2946.4990000000003,1402.599,6403.621999999999,1800.229
2016-05-26,2954.275,1409.974,6426.308000000001,1808.925
2016-05-27,2952.777,1410.601,6420.715999999999,1807.0379999999998
2016-05-30,2954.317,1404.231,6383.635,1798.774
2016-05-31,3052.775,1462.42,6653.514,1872.359
2016-06-01,3049.506,1469.981,6693.934,1886.506
2016-06-02,3061.7740000000003,1482.6370000000002,6734.026,1904.7420000000002
2016-06-03,3075.869,1489.625,6802.302,1914.8120000000001
2016-06-06,3071.065,1492.954,6839.812,1920.124
2016-06-07,3073.1079999999997,1491.003,6820.265,1924.879
2016-06-08,3063.7529999999997,1484.134,6809.42,1918.621
2016-06-13,2965.257,1409.872,6495.613,1827.356
2016-06-14,2974.844,1417.235,6518.603,1832.628
2016-06-15,3022.006,1461.994,6710.72,1889.869
2016-06-16,3006.998,1460.5420000000001,6671.655,1885.4370000000001
2016-06-17,3019.8959999999997,1466.965,6720.0740000000005,1900.735
2016-06-20,3023.837,1473.7979999999998,6752.483,1909.12
2016-06-21,3013.0809999999997,1463.2579999999998,6698.009,1889.711
2016-06-22,3041.364,1482.786,6801.2080000000005,1921.382
2016-06-23,3027.083,1473.355,6759.77,1915.207
2016-06-24,2987.579,1455.539,6658.703,1900.599
2016-06-27,3030.9759999999997,1489.639,6816.661999999999,1946.6960000000001
2016-06-28,3048.619,1507.6779999999999,6895.451,1970.375
2016-06-29,3068.5809999999997,1513.14,6886.861,1973.3410000000001
2016-06-30,3066.4970000000003,1515.276,6892.73,1974.239
2016-07-01,3069.502,1513.124,6875.682,1970.724
2016-07-04,3128.325,1542.106,6977.875,2001.6879999999999
2016-07-05,3147.002,1551.48,6971.673000000001,2006.379
2016-07-06,3158.43,1564.585,6985.093000000001,2015.17
2016-07-07,3158.0190000000002,1567.5510000000002,6993.505,2015.1470000000002
2016-07-08,3127.855,1564.0220000000002,6987.6990000000005,2012.285
2016-07-11,3135.028,1558.283,6940.179,2000.976
2016-07-12,3192.185,1572.004,7026.548000000001,2025.017
2016-07-13,3204.027,1578.727,7095.7480000000005,2041.662
2016-07-14,3197.067,1581.0629999999999,7102.785,2044.932
2016-07-15,3197.325,1574.828,7093.012,2038.734
2016-07-18,3186.107,1569.865,7047.411999999999,2027.878
2016-07-19,3178.7870000000003,1573.763,7063.661999999999,2034.454
2016-07-20,3169.6409999999996,1577.263,7041.783,2035.8470000000002
2016-07-21,3181.257,1580.3129999999999,7053.891,2038.182
2016-07-22,3153.797,1568.6870000000001,7002.719,2019.568
2016-07-25,3156.975,1572.78,7014.428000000001,2019.8139999999999
2016-07-26,3192.993,1591.3029999999999,7086.976,2044.961
2016-07-27,3132.0890000000004,1522.3210000000001,6783.557,1953.989
2016-07-28,3134.534,1519.9070000000002,6772.807,1950.995
2016-07-29,3118.903,1508.494,6736.08,1941.555
2016-08-01,3091.7509999999997,1482.922,6647.64,1912.648
2016-08-02,3110.509,1498.249,6685.293000000001,1926.693
2016-08-03,3117.987,1508.065,6707.771,1934.816
2016-08-04,3122.112,1516.983,6759.158,1948.912
2016-08-05,3116.083,1507.537,6729.8240000000005,1941.606
2016-08-08,3145.006,1521.578,6823.4980000000005,1962.264
2016-08-09,3167.455,1538.525,6884.045999999999,1982.661
2016-08-10,3160.188,1532.1870000000001,6843.025,1976.164
2016-08-11,3143.342,1508.549,6754.641,1950.921
2016-08-12,3193.735,1521.932,6829.868,1973.6660000000002
2016-08-15,3271.808,1552.31,6995.678000000001,2023.2379999999998
2016-08-16,3255.8320000000003,1562.7779999999998,7008.8859999999995,2036.8010000000002
2016-08-17,3255.327,1572.171,7032.515,2043.267
2016-08-18,3249.575,1570.9679999999998,7015.5380000000005,2042.225
2016-08-19,3253.772,1573.9460000000001,7021.191999999999,2044.6970000000001
2016-08-22,3229.344,1555.74,6938.089,2018.6589999999999
2016-08-23,3234.512,1555.192,6953.106,2024.055
2016-08-24,3230.507,1558.203,6969.065,2030.2820000000002
2016-08-25,3212.09,1542.616,6925.738,2019.019
2016-08-26,3214.14,1553.092,6942.078,2023.092
2016-08-29,3213.822,1558.1570000000002,6961.593000000001,2027.145
2016-08-30,3218.71,1558.0179999999998,6966.576999999999,2028.3570000000002
2016-08-31,3230.05,1560.911,6961.142,2032.874
2016-09-01,3206.7909999999997,1550.443,6912.7480000000005,2017.465
2016-09-02,3211.045,1544.816,6872.1630000000005,2009.295
2016-09-05,3216.0229999999997,1550.1879999999999,6884.967,2018.102
2016-09-06,3235.509,1570.63,7005.393,2048.19
2016-09-07,3236.7729999999997,1572.741,6986.073,2044.5529999999999
2016-09-08,3240.969,1578.55,6988.116,2050.08
2016-09-09,3223.0240000000003,1565.912,6935.741999999999,2035.023
2016-09-12,3163.43,1519.9560000000001,6731.843000000001,1977.057
2016-09-13,3164.9959999999996,1532.231,6774.0109999999995,1989.3339999999998
2016-09-14,3143.277,1526.1589999999999,6726.92,1980.255
2016-09-19,3167.632,1541.869,6783.601,2001.2910000000002
2016-09-20,3164.4390000000003,1544.1889999999999,6778.18,2000.0610000000001
2016-09-21,3167.445,1547.181,6797.078,2005.596
2016-09-22,3184.6659999999997,1553.0970000000002,6829.12,2018.164
2016-09-23,3175.8759999999997,1550.507,6822.026,2008.121
2016-09-26,3119.8740000000003,1515.741,6667.08,1966.604
2016-09-27,3138.475,1526.624,6709.876,1981.263
2016-09-28,3127.5879999999997,1524.941,6704.23,1978.3010000000002
2016-09-29,3138.658,1531.5870000000002,6749.419,1985.92
2016-09-30,3145.167,1540.237,6783.590999999999,1995.6070000000002
2016-10-10,3190.722,1570.519,6910.222,2033.3829999999998
2016-10-11,3208.6679999999997,1583.1889999999999,6946.771,2043.6860000000001
2016-10-12,3201.592,1583.746,6947.611,2047.119
2016-10-13,3204.531,1583.8829999999998,6952.04,2049.311
2016-10-14,3207.159,1581.672,6931.369000000001,2046.741
2016-10-17,3184.153,1568.9720000000002,6858.675,2027.557
2016-10-18,3228.732,1593.896,6958.972,2056.592
2016-10-19,3229.6809999999996,1597.965,6930.135,2053.7870000000003
2016-10-20,3229.367,1597.3039999999999,6973.233,2060.39
2016-10-21,3236.3109999999997,1590.523,6948.868,2052.562
2016-10-24,3275.265,1603.817,7004.894,2070.21
2016-10-25,3279.1020000000003,1610.9260000000002,7019.311,2077.749
2016-10-26,3262.725,1607.6729999999998,6983.411,2069.363
2016-10-27,3258.559,1612.141,6973.345,2068.0860000000002
2016-10-28,3250.156,1596.0410000000002,6911.975,2052.016
2016-10-31,3246.2509999999997,1598.365,6900.73,2050.276
2016-11-01,3269.24,1619.146,6953.887,2073.113
2016-11-02,3248.5679999999998,1611.007,6894.831999999999,2060.054
2016-11-03,3276.06,1625.735,6926.244000000001,2071.587
2016-11-04,3272.243,1624.5439999999999,6895.156999999999,2067.154
2016-11-07,3280.655,1626.2279999999998,6882.825,2066.8089999999997
2016-11-08,3295.9190000000003,1637.326,6928.478,2080.435
2016-11-09,3275.47,1626.585,6851.996,2068.466
2016-11-10,3320.402,1651.77,6924.4490000000005,2096.89
2016-11-11,3346.305,1658.214,6941.25,2108.032
2016-11-14,3361.348,1662.244,6947.363,2114.3
2016-11-15,3357.7670000000003,1669.713,6970.823,2124.396
2016-11-16,3355.7059999999997,1668.7979999999998,6991.644,2124.846
2016-11-17,3359.298,1664.855,6966.5830000000005,2116.8579999999997
2016-11-18,3342.99,1662.485,6928.973000000001,2111.276
2016-11-21,3369.525,1668.009,6929.6759999999995,2118.944
2016-11-22,3401.188,1681.921,6961.128000000001,2137.883
2016-11-23,3393.66,1670.52,6937.3640000000005,2129.513
2016-11-24,3394.316,1664.969,6891.438,2121.49
2016-11-25,3415.538,1664.691,6921.688,2129.845
2016-11-28,3431.349,1664.401,6934.941,2126.823
2016-11-29,3437.7490000000003,1644.3239999999998,6922.469,2110.361
2016-11-30,3403.218,1636.0020000000002,6902.103,2106.91
2016-12-01,3427.6440000000002,1646.315,6931.15,2119.692
2016-12-02,3396.708,1616.463,6858.434,2084.488
2016-12-05,3355.631,1601.734,6832.557,2068.165
2016-12-06,3350.252,1607.4070000000002,6855.3640000000005,2071.442
2016-12-07,3373.922,1625.777,6890.185,2090.3289999999997
2016-12-08,3366.705,1621.733,6877.193,2077.3720000000003
2016-12-09,3385.151,1618.8029999999999,6831.713000000001,2070.007
2016-12-12,3301.4109999999996,1537.921,6526.363,1969.325
2016-12-13,3303.5170000000003,1549.854,6550.168000000001,1975.878
2016-12-14,3288.2529999999997,1544.953,6493.113,1959.859
2016-12-15,3264.218,1559.756,6503.861,1972.905
2016-12-16,3269.7470000000003,1574.112,6543.184,1991.635
2016-12-19,3264.6740000000004,1574.505,6514.097,1984.101
2016-12-20,3248.784,1571.531,6496.566999999999,1981.3229999999999
2016-12-21,3285.0370000000003,1585.1879999999999,6544.353,1996.03
2016-12-22,3287.2209999999995,1586.006,6543.937,1993.366
2016-12-23,3256.41,1564.6370000000002,6497.71,1971.065
2016-12-26,3269.442,1570.783,6521.264,1978.3729999999998
2016-12-27,3261.113,1578.5620000000001,6510.434,1979.731
2016-12-28,3248.1440000000002,1575.819,6492.371999999999,1972.346
2016-12-29,3241.6659999999997,1570.996,6470.375,1966.237
2016-12-30,3249.592,1571.267,6472.232,1969.112
2017-01-03,3283.45,1587.207,6510.905,1985.954
2017-01-04,3307.45,1604.799,6600.2,2008.786
2017-01-05,3314.387,1607.8770000000002,6587.130999999999,2005.5770000000002
2017-01-06,3302.7909999999997,1599.6,6520.045,1988.131
2017-01-09,3320.532,1610.46,6546.609,1994.1529999999998
2017-01-10,3310.492,1603.557,6531.102,1989.29
2017-01-11,3284.373,1585.3339999999998,6481.306,1968.4289999999999
2017-01-12,3266.0370000000003,1571.5929999999998,6415.366,1951.3139999999999
2017-01-13,3259.2690000000002,1545.066,6324.508000000001,1921.0020000000002
2017-01-16,3249.7709999999997,1485.974,6146.846,1851.41
2017-01-17,3255.329,1497.996,6215.166,1873.021
2017-01-18,3259.7729999999997,1495.04,6206.26,1864.59
2017-01-19,3247.4770000000003,1487.2379999999998,6186.37,1857.4579999999999
2017-01-20,3270.3259999999996,1507.8529999999998,6265.488,1885.775
2017-01-23,3284.574,1522.656,6296.346,1902.144
2017-01-24,3290.623,1519.445,6275.0830000000005,1896.45
2017-01-25,3297.9559999999997,1521.2,6300.309,1904.036
2017-01-26,3308.062,1529.6689999999999,6341.3769999999995,1917.317
2017-02-03,3288.165,1527.3029999999999,6335.562,1909.789
2017-02-06,3305.801,1543.0320000000002,6381.61,1927.5720000000001
2017-02-07,3301.705,1545.815,6362.213000000001,1927.174
2017-02-08,3316.268,1556.1170000000002,6414.754,1941.793
2017-02-09,3333.2270000000003,1568.845,6445.225,1954.624
2017-02-10,3347.389,1562.8870000000002,6442.276999999999,1950.319
2017-02-13,3368.4629999999997,1571.055,6499.691,1964.746
2017-02-14,3369.6,1567.977,6504.99,1964.3229999999999
2017-02-15,3364.402,1559.379,6449.05,1947.04
2017-02-16,3381.8709999999996,1573.05,6499.045999999999,1958.115
2017-02-17,3352.9640000000004,1561.165,6465.4490000000005,1945.1070000000002
2017-02-20,3392.6490000000003,1572.275,6546.2480000000005,1962.53
2017-02-21,3406.652,1583.91,6596.764,1981.144
2017-02-22,3414.9359999999997,1591.5,6628.92,1990.336
2017-02-23,3404.593,1588.8010000000002,6627.871,1991.984
2017-02-24,3406.7940000000003,1591.165,6635.269,2000.38
2017-02-27,3380.823,1577.849,6600.165,1988.773
2017-02-28,3394.498,1586.529,6625.603,2001.3220000000001
2017-03-01,3399.8920000000003,1593.236,6640.579000000001,2008.869
2017-03-02,3382.2059999999997,1581.379,6623.814,1997.7179999999998
2017-03-03,3369.926,1580.082,6679.276999999999,2001.908
2017-03-06,3386.2129999999997,1595.421,6752.406,2025.535
2017-03-07,3395.2,1598.463,6761.629,2031.63
2017-03-08,3393.408,1593.668,6720.366999999999,2024.2820000000002
2017-03-09,3368.317,1580.503,6676.271,2009.55
2017-03-10,3364.098,1580.885,6718.108,2013.639
2017-03-13,3389.5609999999997,1589.8370000000002,6808.170999999999,2029.889
2017-03-14,3392.0009999999997,1589.102,6791.666,2027.109
2017-03-15,3394.585,1588.586,6786.815,2026.76
2017-03-16,3423.01,1605.23,6839.935,2046.307
2017-03-17,3389.954,1594.9579999999999,6759.797,2029.729
2017-03-20,3403.974,1600.9289999999999,6762.071,2036.0529999999999
2017-03-21,3415.283,1604.271,6800.8330000000005,2043.943
2017-03-22,3398.111,1594.1129999999998,6786.078,2037.885
2017-03-23,3401.8190000000004,1590.8970000000002,6809.967,2038.5970000000002
2017-03-24,3423.7709999999997,1595.766,6861.224,2046.7420000000002
2017-03-27,3421.204,1592.2,6829.633000000001,2039.406
2017-03-28,3406.505,1588.556,6811.276999999999,2034.219
2017-03-29,3394.349,1577.31,6793.749,2019.3870000000002
2017-03-30,3361.788,1544.0339999999999,6676.766,1979.582
2017-03-31,3374.665,1544.8139999999999,6745.679,1986.473
2017-04-05,3424.614,1574.856,6861.794,2023.1979999999999
2017-04-06,3435.867,1577.32,6872.635,2029.2060000000001
2017-04-07,3441.763,1581.275,6882.713000000001,2028.3329999999999
2017-04-10,3423.6940000000004,1566.65,6831.552,2008.5020000000002
2017-04-11,3444.26,1578.0510000000002,6856.090999999999,2022.378
2017-04-12,3428.366,1564.398,6807.7609999999995,2007.003
2017-04-13,3430.6079999999997,1568.4720000000002,6853.576,2014.6660000000002
2017-04-14,3399.312,1546.155,6774.89,1986.65
2017-04-17,3374.245,1521.391,6756.1990000000005,1958.5520000000001
2017-04-18,3347.4829999999997,1507.8410000000001,6736.963000000001,1946.421
2017-04-19,3320.23,1486.145,6702.944,1932.463
2017-04-20,3321.7059999999997,1482.4189999999999,6729.154,1928.776
2017-04-21,3322.804,1475.402,6691.463000000001,1920.225
2017-04-24,3277.114,1426.681,6545.84,1873.3729999999998
2017-04-25,3282.3790000000004,1431.4879999999998,6594.206999999999,1882.858
2017-04-26,3288.93,1434.231,6640.797,1889.787
2017-04-27,3300.8109999999997,1438.6779999999999,6642.047,1900.0339999999999
2017-04-28,3303.442,1443.912,6640.181,1906.915
2017-05-02,3292.002,1442.5720000000001,6622.173000000001,1906.8770000000002
2017-05-03,3283.1940000000004,1443.128,6592.9259999999995,1901.75
2017-05-04,3274.788,1433.247,6575.573,1896.3570000000002
2017-05-05,3249.3990000000003,1409.692,6493.177,1872.7879999999998
2017-05-08,3223.882,1380.935,6409.54,1835.5870000000002
2017-05-09,3225.883,1389.806,6448.746999999999,1847.64
2017-05-10,3196.823,1360.369,6399.516,1822.557
2017-05-11,3205.978,1347.3310000000001,6407.04,1819.145
2017-05-12,3229.131,1345.852,6403.111,1820.1960000000001
2017-05-15,3236.196,1348.342,6460.514,1827.021
2017-05-16,3259.9640000000004,1376.348,6599.340999999999,1865.265
2017-05-17,3250.967,1380.19,6567.878000000001,1867.681
2017-05-18,3235.972,1372.126,6515.7609999999995,1855.993
2017-05-19,3236.4829999999997,1372.25,6496.075,1853.714
2017-05-22,3220.9,1342.9289999999999,6481.613,1828.22
2017-05-23,3206.665,1303.113,6422.455,1789.4679999999998
2017-05-24,3208.895,1307.1789999999999,6460.295999999999,1798.869
2017-05-25,3254.7340000000004,1316.3029999999999,6485.861,1811.9029999999998
2017-05-26,3257.06,1317.136,6442.214,1810.111
2017-05-31,3264.5359999999996,1314.864,6444.7519999999995,1808.3020000000001
2017-06-01,3249.435,1281.184,6384.633000000001,1773.606
2017-06-02,3252.428,1292.493,6420.931,1788.6029999999998
2017-06-05,3237.812,1305.493,6469.517,1800.932
2017-06-06,3248.815,1311.096,6509.93,1810.8020000000001
2017-06-07,3288.762,1338.4470000000001,6654.126,1850.533
2017-06-08,3299.288,1338.9460000000001,6654.581,1852.8570000000002
2017-06-09,3307.716,1341.6670000000001,6695.286999999999,1857.165
2017-06-12,3288.382,1321.19,6640.793000000001,1836.7620000000002
2017-06-13,3302.8790000000004,1340.131,6729.571999999999,1859.881
2017-06-14,3278.704,1341.567,6680.055,1852.785
2017-06-15,3280.552,1358.114,6724.226,1869.7120000000002
2017-06-16,3270.7729999999997,1355.1879999999999,6704.948,1866.0520000000001
2017-06-19,3293.009,1364.165,6725.079000000001,1876.85
2017-06-20,3288.437,1362.72,6743.406,1879.065
2017-06-21,3305.446,1364.4389999999999,6818.404,1887.193
2017-06-22,3296.265,1338.3039999999999,6753.983,1862.839
2017-06-23,3307.225,1338.402,6823.528,1871.3370000000002
2017-06-26,3336.086,1354.8429999999998,6930.8009999999995,1896.795
2017-06-27,3342.1040000000003,1358.6879999999999,6924.584,1898.535
2017-06-28,3323.237,1349.06,6873.755,1883.371
2017-06-29,3338.8109999999997,1352.517,6939.6630000000005,1892.269
2017-06-30,3343.3909999999996,1355.632,6946.4259999999995,1897.6870000000001
2017-07-03,3347.039,1366.62,6936.575,1905.204
2017-07-04,3333.2870000000003,1362.6329999999998,6896.351,1896.527
2017-07-05,3358.7729999999997,1369.8139999999999,6968.918000000001,1913.138
2017-07-06,3364.324,1371.098,6966.8240000000005,1914.586
2017-07-07,3370.1,1382.412,6971.456999999999,1918.132
2017-07-10,3364.527,1374.832,6932.045999999999,1905.368
2017-07-11,3354.5159999999996,1358.115,6887.392,1891.5970000000002
2017-07-12,3348.748,1356.269,6892.514,1889.4470000000001
2017-07-13,3370.353,1359.1370000000002,6905.937,1888.6979999999999
2017-07-14,3374.8179999999998,1352.4370000000001,6916.645,1881.011
2017-07-17,3326.805,1278.443,6721.522,1800.54
2017-07-18,3338.3779999999997,1288.733,6723.308000000001,1811.326
2017-07-19,3383.837,1306.213,6881.1359999999995,1839.057
2017-07-20,3398.4179999999997,1316.701,6935.01,1847.974
2017-07-21,3391.177,1317.726,6956.813,1845.8139999999999
2017-07-24,3404.401,1327.536,6963.347,1854.665
2017-07-25,3397.1809999999996,1321.2939999999999,6920.45,1848.592
2017-07-26,3401.353,1323.5739999999998,6882.670999999999,1843.1229999999998
2017-07-27,3403.5159999999996,1337.871,6957.398,1865.9579999999999
2017-07-28,3407.055,1339.1879999999999,6995.557,1868.372
2017-07-31,3427.7940000000003,1349.47,7054.959,1879.096
2017-08-01,3448.41,1349.535,7070.698,1882.4679999999998
2017-08-02,3440.493,1338.835,7053.898,1869.317
2017-08-03,3427.7470000000003,1342.486,6989.861999999999,1869.2120000000002
2017-08-04,3416.3540000000003,1337.8329999999999,6913.446999999999,1858.494
2017-08-07,3434.59,1349.181,6960.840999999999,1872.289
2017-08-08,3437.1209999999996,1355.4160000000002,6975.615,1879.165
2017-08-09,3430.455,1358.874,7000.95,1885.5529999999999
2017-08-10,3415.9559999999997,1349.628,6994.764,1872.5970000000002
2017-08-11,3360.184,1329.882,6892.318,1842.598
2017-08-14,3390.3509999999997,1350.757,7079.922,1879.766
2017-08-15,3404.968,1356.858,7129.649,1887.283
2017-08-16,3399.907,1360.136,7174.267,1898.3870000000002
2017-08-17,3422.929,1370.026,7197.906,1909.385
2017-08-18,3423.218,1364.635,7163.476,1902.254
2017-08-21,3442.2690000000002,1373.4820000000002,7213.465999999999,1916.4189999999999
2017-08-22,3445.789,1363.517,7197.297,1908.32
2017-08-23,3443.17,1358.185,7179.604,1901.996
2017-08-24,3426.1809999999996,1348.144,7125.781999999999,1890.484
2017-08-25,3489.14,1361.4470000000001,7196.6269999999995,1910.13
2017-08-28,3521.7540000000004,1375.191,7299.12,1936.761
2017-08-29,3524.495,1373.4070000000002,7274.99,1932.056
2017-08-30,3522.725,1376.435,7305.3330000000005,1938.9
2017-08-31,3519.716,1382.767,7326.76,1944.9389999999999
2017-09-01,3526.348,1387.736,7383.456999999999,1956.3529999999998
2017-09-04,3539.4559999999997,1391.435,7438.855,1968.122
2017-09-05,3544.3709999999996,1391.349,7481.02,1972.138
2017-09-06,3545.453,1396.2679999999998,7486.266,1979.5339999999999
2017-09-07,3524.5690000000004,1393.0710000000001,7441.96,1972.739
2017-09-08,3524.047,1394.855,7448.771,1975.869
2017-09-11,3535.657,1406.829,7537.528,1991.7320000000002
2017-09-12,3538.937,1402.401,7547.993,1986.2079999999999
2017-09-13,3543.781,1407.45,7566.771,1994.977
2017-09-14,3530.4640000000004,1407.5720000000001,7517.132,1993.5320000000002
2017-09-15,3511.847,1402.668,7488.369000000001,1987.985
2017-09-18,3521.5190000000002,1409.8129999999999,7567.673000000001,2002.741
2017-09-19,3515.1940000000004,1404.64,7503.863,1995.601
2017-09-20,3524.7259999999997,1414.8020000000001,7597.0,2012.234
2017-09-21,3516.1420000000003,1401.4389999999999,7571.293000000001,1995.422
2017-09-22,3510.62,1395.059,7525.397,1988.589
2017-09-25,3499.198,1377.2089999999998,7452.471,1963.895
2017-09-26,3501.297,1374.8010000000002,7451.771,1964.031
2017-09-27,3502.96,1381.0520000000001,7522.084,1979.28
2017-09-28,3497.035,1376.3770000000002,7523.3730000000005,1974.783
2017-09-29,3506.7329999999997,1385.649,7561.776,1988.4920000000002
2017-10-09,3533.405,1398.5929999999998,7652.522,2014.43
2017-10-10,3542.4390000000003,1413.0220000000002,7694.896,2030.1779999999999
2017-10-11,3548.022,1413.97,7728.691,2026.469
2017-10-12,3545.85,1411.547,7708.986999999999,2023.356
2017-10-13,3550.4629999999997,1418.5,7784.125,2036.806
2017-10-16,3537.913,1391.7779999999998,7739.66,2005.9460000000001
2017-10-17,3531.322,1391.845,7726.536,2008.06
2017-10-18,3541.639,1380.19,7756.073,2000.11
2017-10-19,3529.493,1365.277,7716.2519999999995,1983.7179999999998
2017-10-20,3538.2140000000004,1381.279,7752.529,1999.6779999999999
2017-10-23,3540.3959999999997,1389.214,7797.58,2012.0520000000001
2017-10-24,3548.348,1382.3270000000002,7815.38,2009.652
2017-10-25,3557.34,1390.142,7853.786,2025.317
2017-10-26,3568.487,1397.1170000000002,7856.874,2030.351
2017-10-27,3578.29,1388.35,7820.656,2023.5
2017-10-30,3550.615,1356.001,7746.61,1988.481
2017-10-31,3553.722,1369.1529999999998,7827.094,2002.2839999999999
2017-11-01,3556.422,1368.521,7812.034000000001,2003.444
2017-11-02,3543.27,1351.108,7794.375,1989.981
2017-11-03,3531.21,1341.806,7756.578,1975.9229999999998
2017-11-06,3548.427,1353.476,7848.909000000001,1999.3020000000001
2017-11-07,3575.03,1359.878,7925.861,2012.719
2017-11-08,3576.9809999999998,1363.3110000000001,7902.170999999999,2013.707
2017-11-09,3589.863,1368.414,8001.8009999999995,2028.691
2017-11-10,3594.97,1368.6789999999999,8068.459,2039.165
2017-11-13,3610.8590000000004,1367.165,8153.387,2045.1770000000001
2017-11-14,3591.688,1358.33,8059.14,2025.783
2017-11-15,3563.388,1346.882,7893.46,2005.6129999999998
2017-11-16,3559.96,1342.349,7958.323,2010.132
2017-11-17,3543.027,1294.904,7801.451,1954.299
2017-11-20,3552.9790000000003,1294.7069999999999,7966.214,1971.934
2017-11-21,3571.9790000000003,1295.867,8083.166,1987.451
2017-11-22,3592.9179999999997,1294.339,8034.078,1982.283
2017-11-23,3510.531,1264.776,7748.834,1924.4489999999998
2017-11-24,3512.482,1270.202,7731.241,1922.72
2017-11-27,3479.435,1260.854,7553.443,1892.8229999999999
2017-11-28,3491.3379999999997,1277.651,7676.265,1918.319
2017-11-29,3495.725,1278.622,7657.148,1919.059
2017-11-30,3474.013,1275.633,7553.295,1901.855
2017-12-01,3474.427,1285.268,7645.366999999999,1916.8020000000001
2017-12-04,3466.072,1271.3139999999999,7628.285,1902.911
2017-12-05,3460.063,1242.0639999999999,7483.901,1866.9820000000002
2017-12-06,3449.8309999999997,1252.833,7537.107,1879.651
2017-12-07,3426.8740000000003,1252.723,7435.592,1868.424
2017-12-08,3445.632,1265.757,7544.585999999999,1891.509
2017-12-11,3479.375,1277.2,7694.668000000001,1919.691
2017-12-12,3435.9440000000004,1265.928,7653.826,1901.089
2017-12-13,3459.272,1275.1680000000001,7711.4130000000005,1915.774
2017-12-14,3448.158,1277.317,7669.86,1915.005
2017-12-15,3420.532,1277.43,7586.944,1901.203
2017-12-18,3422.3920000000003,1270.479,7503.003000000001,1889.132
2017-12-19,3452.4159999999997,1275.403,7581.721,1905.624
2017-12-20,3443.085,1264.23,7539.717,1891.523
2017-12-21,3456.136,1264.32,7650.5419999999995,1905.0479999999998
2017-12-22,3452.986,1260.114,7615.201999999999,1901.5610000000001
2017-12-25,3435.6009999999997,1242.805,7537.573,1883.891
2017-12-26,3462.5040000000004,1251.547,7550.345,1892.0179999999998
2017-12-27,3430.619,1243.795,7457.456,1878.8029999999999
2017-12-28,3452.1859999999997,1249.131,7494.515,1887.34
2017-12-29,3463.4790000000003,1258.463,7554.856,1899.344
2018-01-02,3506.616,1270.131,7632.628000000001,1919.1979999999999
2018-01-03,3528.427,1281.236,7727.670999999999,1933.9979999999998
2018-01-04,3545.7990000000004,1285.547,7766.773,1940.9560000000001
2018-01-05,3552.1740000000004,1283.8039999999999,7715.803000000001,1941.795
2018-01-08,3570.7540000000004,1285.9089999999999,7719.081,1945.976
2018-01-09,3575.422,1284.297,7749.522,1952.1770000000001
2018-01-10,3583.805,1273.649,7719.425,1945.6629999999998
2018-01-11,3587.505,1276.149,7781.146,1953.122
2018-01-12,3591.2729999999997,1269.611,7755.686,1948.932
2018-01-15,3572.014,1238.297,7599.955,1913.771
2018-01-16,3599.341,1245.3519999999999,7610.684,1927.557
2018-01-17,3607.813,1242.5510000000002,7550.331,1921.744
2018-01-18,3639.367,1244.182,7550.411,1924.1960000000001
2018-01-19,3653.131,1242.31,7560.668000000001,1921.536
2018-01-22,3667.312,1251.871,7685.188,1943.905
2018-01-23,3714.797,1252.577,7723.267,1950.99
2018-01-24,3728.35,1255.085,7738.55,1960.932
2018-01-25,3716.591,1253.7939999999999,7713.598000000001,1953.297
2018-01-26,3726.8940000000002,1251.4189999999999,7675.401,1950.214
2018-01-29,3690.0240000000003,1234.396,7534.56,1919.8010000000002
2018-01-30,3653.2690000000002,1235.501,7522.691,1909.5710000000001
2018-01-31,3645.802,1210.1480000000001,7420.656999999999,1877.818
2018-02-01,3610.508,1159.622,7225.8769999999995,1821.0610000000001
2018-02-02,3626.2709999999997,1151.861,7291.823,1821.529
2018-02-05,3652.9840000000004,1146.637,7222.956,1806.3010000000002
2018-02-06,3530.574,1086.274,6912.976,1726.092
2018-02-07,3466.13,1089.896,6858.311,1714.3929999999998
2018-02-08,3416.57,1104.165,7011.224,1734.569
2018-02-09,3278.01,1071.02,6795.808000000001,1679.2620000000002
2018-02-12,3303.3709999999996,1096.631,7029.774,1723.7279999999998
2018-02-13,3335.6890000000003,1100.2730000000001,7054.73,1730.83
2018-02-14,3350.57,1108.226,7087.031999999999,1739.146
2018-02-22,3423.366,1126.164,7270.951,1771.967
2018-02-23,3444.825,1131.1960000000001,7285.175,1775.1689999999999
2018-02-26,3487.347,1153.883,7488.425,1815.017
2018-02-27,3448.034,1157.739,7443.554,1808.9160000000002
2018-02-28,3413.736,1158.53,7477.263000000001,1811.7820000000002
2018-03-01,3428.765,1172.1889999999999,7581.887,1834.011
2018-03-02,3408.6,1167.008,7456.246999999999,1822.215
2018-03-05,3411.183,1173.152,7481.857,1830.836
2018-03-06,3445.45,1188.62,7555.121,1852.224
2018-03-07,3426.617,1182.2910000000002,7468.979,1837.869
2018-03-08,3444.17,1190.31,7521.223000000001,1856.473
2018-03-09,3463.813,1204.499,7665.1669999999995,1885.384
2018-03-12,3484.153,1222.165,7781.575,1908.838
2018-03-13,3466.914,1216.2910000000002,7699.045,1895.308
2018-03-14,3447.131,1205.482,7631.723000000001,1878.515
2018-03-15,3446.866,1199.796,7651.02,1874.411
2018-03-16,3424.638,1199.231,7563.496999999999,1863.026
2018-03-19,3434.5370000000003,1202.762,7581.28,1868.0529999999999
2018-03-20,3446.492,1205.28,7579.715,1872.3329999999999
2018-03-21,3436.3590000000004,1200.509,7529.615,1858.611
2018-03-22,3417.9770000000003,1198.996,7465.554,1849.6029999999998
2018-03-23,3301.948,1141.335,7160.371,1766.611
2018-03-26,3281.921,1158.1589999999999,7282.918000000001,1790.355
2018-03-27,3316.41,1185.3410000000001,7457.669,1829.694
2018-03-28,3269.884,1178.012,7338.635,1812.356
2018-03-29,3309.982,1187.702,7361.463000000001,1830.094
2018-03-30,3318.708,1203.353,7443.5869999999995,1853.7220000000002
2018-04-02,3312.688,1213.267,7396.405,1856.664
2018-04-03,3284.849,1204.765,7345.32,1842.23
2018-04-04,3279.0679999999998,1203.363,7280.352,1831.704
2018-04-09,3286.617,1206.501,7250.82,1831.825
2018-04-10,3341.245,1207.225,7345.906,1841.22
2018-04-11,3359.866,1216.985,7376.128000000001,1850.9660000000001
2018-04-12,3330.563,1210.925,7320.689,1840.2720000000002
2018-04-13,3308.381,1205.495,7292.316999999999,1834.38
2018-04-16,3257.643,1198.114,7260.852,1824.7720000000002
2018-04-17,3211.655,1175.882,7041.311,1784.556
2018-04-18,3237.5040000000004,1187.233,7124.227,1803.8370000000002
2018-04-19,3264.737,1191.71,7183.215999999999,1814.636
2018-04-20,3216.7,1171.621,7065.41,1778.339
2018-04-23,3213.047,1158.447,6977.441999999999,1764.1970000000001
2018-04-24,3276.9,1182.697,7114.476,1804.406
2018-04-25,3265.415,1187.018,7114.161999999999,1809.26
2018-04-26,3220.387,1168.546,6940.684,1770.401
2018-04-27,3227.9190000000003,1166.371,6998.768,1776.128
2018-05-02,3226.893,1164.961,7038.238,1774.899
2018-05-03,3247.532,1172.816,7104.126,1792.888
2018-05-04,3237.23,1173.1960000000001,7129.326999999999,1789.068
2018-05-07,3285.038,1189.637,7254.605,1822.183
2018-05-08,3311.097,1196.106,7299.263000000001,1836.225
2018-05-09,3308.643,1196.542,7299.281,1834.56
2018-05-10,3324.6409999999996,1200.383,7334.621999999999,1844.0379999999998
2018-05-11,3312.948,1188.5710000000001,7287.983,1825.135
2018-05-14,3324.27,1182.517,7364.545999999999,1823.25
2018-05-15,3343.2659999999996,1195.219,7406.361999999999,1839.878
2018-05-16,3319.599,1195.031,7392.621,1832.265
2018-05-17,3303.6,1188.93,7346.995,1822.6979999999999
2018-05-18,3344.5409999999997,1194.39,7341.2390000000005,1828.786
2018-05-21,3366.067,1208.025,7428.023,1848.0629999999999
2018-05-22,3366.6059999999998,1212.657,7423.803000000001,1855.1589999999999
2018-05-23,3319.018,1202.772,7335.858,1834.717
2018-05-24,3304.0029999999997,1198.713,7281.755,1827.055
2018-05-25,3290.0209999999997,1190.742,7193.439,1810.0320000000002
2018-05-28,3283.494,1183.955,7215.647,1806.082
2018-05-29,3268.136,1174.5,7129.852,1786.71
2018-05-30,3185.36,1140.786,6961.953,1736.3370000000002
2018-05-31,3242.1079999999997,1159.093,7097.420999999999,1767.55
2018-06-01,3220.8779999999997,1148.063,7001.545,1746.3310000000001
2018-06-04,3237.697,1148.652,6993.085,1747.9560000000001
2018-06-05,3261.762,1164.797,7147.0869999999995,1777.726
2018-06-06,3262.783,1167.157,7142.592,1779.145
2018-06-07,3256.817,1157.98,7106.51,1767.963
2018-06-08,3212.3709999999996,1143.267,7035.085,1751.4
2018-06-11,3197.3320000000003,1133.222,6996.982,1741.175
2018-06-12,3225.645,1141.667,7067.113,1759.1589999999999
2018-06-13,3194.167,1122.933,6956.64,1731.4279999999999
2018-06-14,3188.257,1117.8139999999999,6914.340999999999,1721.89
2018-06-15,3165.005,1089.182,6817.148,1691.648
2018-06-19,3045.6620000000003,1017.971,6488.896,1594.045
2018-06-20,3053.886,1026.4389999999999,6559.485,1612.601
2018-06-21,3012.078,998.878,6421.08,1578.332
2018-06-22,3026.617,1010.485,6498.969,1597.391
2018-06-25,2994.704,1006.8330000000001,6447.094,1587.306
2018-06-26,2979.131,1014.4019999999999,6460.8859999999995,1596.172
2018-06-27,2946.2329999999997,1007.8919999999999,6327.403,1575.5739999999998
2018-06-28,2918.635,996.279,6260.809,1556.8239999999998
2018-06-29,2981.995,1023.413,6477.765,1607.621
2018-07-02,2906.623,1011.6060000000001,6369.736999999999,1582.263
2018-07-03,2918.495,1023.9860000000001,6370.911999999999,1594.241
2018-07-04,2889.426,1005.423,6250.0740000000005,1563.004
2018-07-05,2862.988,977.845,6121.3240000000005,1528.672
2018-07-06,2877.009,980.107,6162.2919999999995,1535.983
2018-07-09,2948.177,999.951,6345.335,1574.5410000000002
2018-07-10,2961.297,1007.687,6389.767,1585.7779999999998
2018-07-11,2909.085,984.7130000000001,6286.932,1554.618
2018-07-12,2971.8179999999998,1010.1060000000001,6463.2519999999995,1597.1660000000002
2018-07-13,2965.013,1016.331,6504.02,1604.4520000000002
2018-07-16,2947.058,1017.438,6501.382,1602.839
2018-07-17,2930.369,1018.7639999999999,6481.094,1600.079
2018-07-18,2918.998,1015.941,6410.6669999999995,1588.1170000000002
2018-07-19,2903.6009999999997,1003.3660000000001,6396.142,1575.5829999999999
2018-07-20,2963.147,1013.462,6479.21,1593.3020000000001
2018-07-23,2994.8909999999996,1017.5169999999999,6528.124,1601.693
2018-07-24,3043.1279999999997,1034.048,6606.326999999999,1625.839
2018-07-25,3041.1009999999997,1036.257,6605.986,1624.7160000000001
2018-07-26,3018.6079999999997,1033.193,6499.090999999999,1609.729
2018-07-27,3009.528,1031.469,6468.871999999999,1599.0829999999999
2018-07-30,3004.792,1017.0160000000001,6373.806,1576.793
2018-07-31,3012.495,1018.57,6352.48,1576.408
2018-08-01,2958.051,1003.837,6240.224,1549.281
2018-08-02,2898.841,977.573,6084.941,1512.045
2018-08-03,2869.921,963.377,5942.0019999999995,1486.058
2018-08-06,2832.9959999999996,942.9639999999999,5796.359,1455.088
2018-08-07,2910.784,966.4839999999999,5959.9980000000005,1495.0529999999999
2018-08-08,2873.7509999999997,950.9789999999999,5832.319,1466.6970000000001
2018-08-09,2926.4770000000003,970.6030000000001,6036.14,1505.6370000000002
2018-08-10,2927.43,976.698,6083.432,1515.964
2018-08-13,2917.532,978.815,6127.161,1520.711
2018-08-14,2912.355,977.743,6066.805,1513.899
2018-08-15,2851.8379999999997,959.1489999999999,5930.656,1481.8239999999998
2018-08-16,2832.905,950.284,5862.12,1467.116
2018-08-17,2794.908,932.695,5761.119000000001,1442.382
2018-08-20,2825.887,936.7339999999999,5815.626,1451.0720000000001
2018-08-21,2862.9429999999998,949.408,5917.001,1471.279
2018-08-22,2842.777,939.556,5841.988,1454.52
2018-08-23,2853.2740000000003,945.3989999999999,5876.366,1463.695
2018-08-24,2858.3520000000003,943.159,5851.908,1460.3310000000001
2018-08-27,2912.296,960.072,6020.9580000000005,1496.7120000000002
2018-08-28,2909.228,960.3389999999999,6022.96,1497.6979999999999
2018-08-29,2900.13,955.842,5979.988,1489.287
2018-08-30,2867.009,943.424,5910.994000000001,1467.182
2018-08-31,2853.9040000000005,933.408,5844.984,1451.385
2018-09-03,2849.1820000000002,931.935,5824.8859999999995,1448.9279999999999
2018-09-04,2880.4559999999997,942.904,5910.978,1465.787
2018-09-05,2831.9570000000003,930.7330000000001,5817.0419999999995,1442.254
2018-09-06,2818.61,928.199,5747.948,1431.862
2018-09-07,2829.845,929.691,5714.392,1433.364
2018-09-10,2795.478,910.9110000000001,5564.238,1406.921
2018-09-11,2790.585,912.1610000000001,5574.29,1409.339
2018-09-12,2781.5,910.98,5518.437,1403.602
2018-09-13,2813.423,916.7080000000001,5555.9619999999995,1413.567
2018-09-14,2808.262,908.8530000000001,5533.302,1402.509
2018-09-17,2776.965,894.4780000000001,5448.144,1380.976
2018-09-18,2827.4590000000003,908.7339999999999,5542.7,1404.149
2018-09-19,2859.843,918.427,5627.714,1423.22
2018-09-20,2858.18,915.058,5616.922,1420.019
2018-09-21,2929.735,927.61,5749.204000000001,1445.1129999999998
2018-09-25,2912.6059999999998,925.2,5714.508000000001,1437.315
2018-09-26,2939.53,929.9760000000001,5766.1140000000005,1447.848
2018-09-27,2923.7340000000004,916.313,5702.331,1429.6070000000002
2018-09-28,2954.7540000000004,924.905,5750.77,1441.539
2018-10-08,2844.837,894.27,5486.8769999999995,1386.277
2018-10-09,2849.525,892.309,5448.130999999999,1385.09
2018-10-10,2854.5840000000003,894.51,5405.951,1383.0479999999998
2018-10-11,2705.4509999999996,831.831,5069.935,1293.904
2018-10-12,2730.047,824.373,5099.712,1296.357
2018-10-15,2689.353,811.4680000000001,5041.861,1281.08
2018-10-16,2666.765,796.1030000000001,4930.41,1256.372
2018-10-17,2682.765,800.232,4987.33,1266.553
2018-10-18,2603.989,777.028,4886.0779999999995,1232.006
2018-10-19,2671.079,790.8480000000001,5009.141,1263.813
2018-10-22,2780.381,830.183,5263.823,1325.73
2018-10-23,2717.428,818.2,5114.4220000000005,1300.2910000000002
2018-10-24,2726.302,821.3380000000001,5077.534000000001,1297.22
2018-10-25,2726.86,818.668,5056.925,1292.802
2018-10-26,2721.636,821.326,5027.148,1290.621
2018-10-29,2662.1490000000003,810.2560000000001,4909.621,1264.575
2018-10-30,2689.312,822.955,4923.804,1276.4489999999998
2018-10-31,2725.67,834.1469999999999,4999.832,1294.222
2018-11-01,2729.312,837.188,5077.855,1306.31
2018-11-02,2802.966,859.3660000000001,5317.608,1351.094
2018-11-05,2791.347,868.926,5289.088000000001,1351.004
2018-11-06,2784.972,869.47,5210.32,1346.19
2018-11-07,2766.098,866.9169999999999,5166.363,1340.371
2018-11-08,2760.11,866.467,5118.183,1333.977
2018-11-09,2721.562,864.2080000000001,5089.842000000001,1328.19
2018-11-12,2754.7209999999995,887.6110000000001,5220.355,1361.743
2018-11-13,2780.223,905.6289999999999,5292.363,1383.9160000000002
2018-11-14,2756.4190000000003,909.1619999999999,5243.476,1378.36
2018-11-15,2794.03,927.567,5300.039000000001,1398.396
2018-11-16,2805.428,939.27,5345.529,1410.181
2018-11-19,2831.055,943.211,5369.558000000001,1417.4270000000001
2018-11-20,2770.671,916.163,5212.365,1378.921
2018-11-21,2776.5570000000002,924.5239999999999,5224.424,1386.4279999999999
2018-11-22,2770.173,925.8380000000001,5231.668,1385.838
2018-11-23,2701.095,887.7539999999999,5043.9,1335.1529999999998
2018-11-26,2697.2709999999997,886.1160000000001,5020.9490000000005,1330.9279999999999
2018-11-27,2696.047,891.2510000000001,5027.113,1336.6760000000002
2018-11-28,2724.3990000000003,899.31,5109.5740000000005,1355.379
2018-11-29,2688.421,878.302,5006.0,1325.431
2018-11-30,2710.17,884.212,5087.571,1337.7420000000002
2018-12-03,2779.988,911.007,5275.9130000000005,1381.547
2018-12-04,2791.684,920.023,5282.008000000001,1387.49
2018-12-05,2774.792,910.217,5278.66,1380.776
2018-12-06,2727.987,896.4060000000001,5132.722,1350.753
2018-12-07,2728.724,895.307,5128.4929999999995,1350.6960000000001
2018-12-10,2706.417,885.049,5050.657999999999,1332.527
2018-12-11,2716.382,891.84,5077.644,1343.896
2018-12-12,2724.825,891.5939999999999,5080.202,1346.031
2018-12-13,2758.255,898.857,5140.135,1360.922
2018-12-14,2716.0029999999997,876.9580000000001,5014.621,1327.4160000000002
2018-12-17,2720.469,875.545,4978.365,1323.315
2018-12-18,2698.113,871.2180000000001,4935.98,1312.5520000000001
2018-12-19,2669.68,859.199,4849.909000000001,1294.485
2018-12-20,2655.7290000000003,863.422,4846.329000000001,1297.1019999999999
2018-12-21,2634.7990000000004,856.748,4769.657999999999,1284.665
2018-12-24,2646.067,863.623,4811.291,1295.718
2018-12-25,2622.8309999999997,855.077,4785.348,1285.187
2018-12-26,2615.998,854.8960000000001,4747.577,1279.788
2018-12-27,2600.052,841.0,4689.764,1264.23
2018-12-28,2611.381,841.789,4703.028,1267.869
2019-01-02,2581.371,839.0139999999999,4647.544,1256.389
2019-01-03,2580.433,835.9960000000001,4588.083,1246.365
2019-01-04,2633.3509999999997,857.052,4716.472,1279.489
2019-01-07,2652.3959999999997,872.563,4814.223,1301.407
2019-01-08,2645.475,871.3960000000001,4813.603,1299.89
2019-01-09,2664.225,874.3439999999999,4845.787,1306.945
2019-01-10,2654.526,871.568,4838.2429999999995,1303.476
2019-01-11,2674.1820000000002,875.9860000000001,4863.626,1313.3570000000002
2019-01-14,2655.2309999999998,871.1160000000001,4819.697,1303.75
2019-01-15,2691.478,880.909,4905.204000000001,1323.161
2019-01-16,2691.5809999999997,880.3610000000001,4893.045,1321.524
2019-01-17,2680.257,874.302,4850.196,1309.145
2019-01-18,2718.428,879.345,4926.273,1322.1370000000002
2019-01-21,2733.652,884.952,4960.960999999999,1330.165
2019-01-22,2701.3179999999998,878.135,4890.777,1314.5839999999998
2019-01-23,2702.69,879.623,4887.2429999999995,1316.2820000000002
2019-01-24,2713.937,882.993,4920.112,1322.3010000000002
2019-01-25,2724.4970000000003,877.47,4945.273,1319.9720000000002
2019-01-28,2719.5009999999997,869.576,4954.634,1314.9920000000002
2019-01-29,2716.67,854.216,4904.712,1300.34
2019-01-30,2697.1020000000003,842.409,4842.97,1283.7089999999998
2019-01-31,2706.585,829.123,4836.613,1274.744
2019-02-01,2741.844,849.86,5004.4890000000005,1309.991
2019-02-11,2779.224,871.674,5174.3679999999995,1347.9370000000001
2019-02-12,2798.098,881.8810000000001,5224.81,1364.146
2019-02-13,2849.6620000000003,895.6469999999999,5334.670999999999,1389.684
2019-02-14,2848.211,901.082,5378.738,1398.842
2019-02-15,2809.062,899.5,5313.988,1389.467
2019-02-18,2884.494,929.105,5540.066,1440.951
2019-02-19,2885.844,932.145,5534.389,1443.598
2019-02-20,2891.697,932.215,5565.935,1448.2379999999998
2019-02-21,2881.8,931.6519999999999,5552.568,1444.3470000000002
2019-02-22,2936.772,954.423,5688.88,1477.247
2019-02-25,3101.336,1002.433,5985.306,1557.271
2019-02-26,3080.6209999999996,1004.564,5964.776999999999,1549.705
2019-02-27,3093.579,1010.0260000000001,5881.48,1540.918
2019-02-28,3080.1059999999998,1007.3960000000001,5893.693,1546.3310000000001
2019-03-01,3135.752,1015.41,5939.920999999999,1564.84
2019-03-04,3170.8990000000003,1033.356,6074.016,1599.4820000000002
2019-03-05,3198.784,1058.131,6215.879,1635.98
2019-03-06,3248.9790000000003,1081.224,6274.223000000001,1660.411
2019-03-07,3253.5029999999997,1099.915,6244.137,1668.533
2019-03-08,3110.3940000000002,1052.35,6081.054,1605.279
2019-03-11,3170.239,1090.65,6317.718000000001,1667.818
2019-03-12,3205.203,1117.193,6401.213000000001,1695.807
2019-03-13,3170.2740000000003,1100.889,6212.233,1656.543
2019-03-14,3132.284,1071.559,6112.595,1618.2620000000002
2019-03-15,3164.79,1088.643,6198.56,1641.372
2019-03-18,3243.155,1114.474,6367.835999999999,1685.7920000000001
2019-03-19,3237.474,1118.981,6358.476,1688.7579999999998
2019-03-20,3237.125,1124.143,6324.831999999999,1684.5710000000001
2019-03-21,3248.413,1138.338,6365.43,1697.4920000000002
2019-03-22,3251.198,1142.984,6367.468000000001,1700.944
2019-03-25,3187.1040000000003,1128.568,6244.213000000001,1676.4260000000002
2019-03-26,3138.99,1100.2910000000002,6126.433000000001,1639.944
2019-03-27,3165.881,1106.992,6175.543000000001,1654.69
2019-03-28,3136.723,1090.363,6137.704000000001,1639.723
2019-03-29,3237.2009999999996,1118.865,6379.977,1695.138
2019-04-01,3320.6,1154.507,6610.066,1755.665
2019-04-02,3327.385,1164.0539999999999,6596.5830000000005,1757.604
2019-04-03,3368.711,1178.383,6649.526,1772.092
2019-04-04,3400.506,1184.593,6662.743,1780.016
2019-04-08,3398.658,1183.111,6580.052,1770.2
2019-04-09,3393.2859999999996,1187.228,6589.380999999999,1783.01
2019-04-10,3395.698,1188.621,6574.228,1779.281
2019-04-11,3341.215,1165.308,6413.626,1740.368
2019-04-12,3339.798,1168.755,6411.380999999999,1738.525
2019-04-15,3328.4179999999997,1158.911,6356.751,1723.9089999999999
2019-04-16,3407.9190000000003,1178.661,6497.483,1760.023
2019-04-17,3417.895,1187.88,6533.644,1772.707
2019-04-18,3404.302,1176.677,6476.823,1762.2979999999998
2019-04-19,3425.905,1182.953,6530.411999999999,1778.815
2019-04-22,3367.458,1170.413,6417.323,1751.908
2019-04-23,3350.2259999999997,1155.619,6348.084,1728.859
2019-04-24,3353.3520000000003,1160.994,6412.066999999999,1747.8770000000002
2019-04-25,3271.7729999999997,1121.019,6221.798000000001,1688.25
2019-04-26,3232.461,1106.1680000000001,6102.363,1665.797
2019-04-29,3207.429,1068.504,6013.234,1625.618
2019-04-30,3224.018,1076.218,6044.436,1636.5910000000001
2019-05-06,3043.965,1001.2280000000001,5605.276999999999,1515.796
2019-05-07,3064.828,1015.924,5689.1140000000005,1540.309
2019-05-08,3030.651,1012.1089999999999,5633.408,1530.308
2019-05-09,2985.71,1003.811,5540.276999999999,1510.72
2019-05-10,3078.2509999999997,1037.923,5742.935,1568.621
2019-05-13,3041.066,1031.315,5618.828,1551.7479999999998
2019-05-14,3020.0040000000004,1025.9189999999999,5570.416,1542.068
2019-05-15,3077.7270000000003,1047.626,5700.07,1577.9170000000001
2019-05-16,3095.61,1055.518,5713.283,1584.815
2019-05-17,3018.675,1018.757,5546.334,1533.22
2019-05-20,3006.486,1012.8589999999999,5473.168000000001,1521.724
2019-05-21,3043.527,1030.042,5597.9130000000005,1548.681
2019-05-22,3028.59,1025.5919999999999,5559.09,1540.85
2019-05-23,2987.538,1007.8530000000001,5395.826,1503.374
2019-05-24,2988.1020000000003,999.52,5357.3369999999995,1496.029
2019-05-27,3029.323,1024.76,5494.6140000000005,1533.519
2019-05-28,3047.741,1028.5339999999999,5529.946,1541.649
2019-05-29,3052.742,1032.579,5508.666,1541.66
2019-05-30,3043.466,1025.1660000000002,5479.8769999999995,1532.026
2019-05-31,3036.034,1024.077,5474.765,1531.8570000000002
2019-06-03,3027.1059999999998,1010.587,5445.438,1515.885
2019-06-04,2997.9709999999995,994.9639999999999,5382.645,1494.154
2019-06-05,2997.045,994.8610000000001,5371.639,1494.773
2019-06-06,2961.803,972.178,5262.866999999999,1463.703
2019-06-10,2987.324,982.3430000000001,5367.923000000001,1483.234
2019-06-11,3064.385,1018.2439999999999,5558.265,1538.23
2019-06-12,3047.2670000000003,1012.9739999999999,5513.18,1528.3970000000002
2019-06-13,3048.665,1018.797,5507.175,1532.7879999999998
2019-06-14,3018.469,1000.452,5416.595,1505.057
2019-06-17,3024.41,1002.3560000000001,5393.206999999999,1502.122
2019-06-18,3027.077,1002.091,5413.438,1504.567
2019-06-19,3056.054,1016.7239999999999,5514.639,1526.766
2019-06-20,3128.76,1033.118,5632.948,1556.596
2019-06-21,3144.228,1048.412,5688.935,1577.4389999999999
2019-06-24,3150.696,1051.215,5685.174,1576.086
2019-06-25,3123.3379999999997,1043.6789999999999,5608.391,1560.457
2019-06-26,3117.296,1044.473,5638.728,1560.509
2019-06-27,3138.8,1050.815,5715.505999999999,1577.556
2019-06-28,3119.991,1040.982,5678.745,1562.424
2019-07-01,3189.1940000000004,1067.508,5908.049,1616.5529999999999
2019-07-02,3188.173,1067.16,5912.974,1619.124
2019-07-03,3158.1040000000003,1057.339,5829.4490000000005,1600.015
2019-07-04,3147.6020000000003,1054.399,5770.555,1591.239
2019-07-05,3153.796,1058.3210000000001,5799.304,1601.1989999999998
2019-07-08,3072.4179999999997,1026.859,5653.323,1554.799
2019-07-09,3066.998,1029.0839999999998,5652.853,1558.112
2019-07-10,3053.5209999999997,1022.295,5623.361,1550.869
2019-07-11,3056.075,1022.193,5599.276999999999,1548.932
2019-07-12,3069.427,1021.331,5625.7919999999995,1556.771
2019-07-15,3081.6040000000003,1027.4769999999999,5687.529,1572.344
2019-07-16,3076.8340000000003,1027.184,5671.34,1571.8120000000001
2019-07-17,3070.618,1026.105,5700.581,1574.3529999999998
2019-07-18,3038.6220000000003,1005.36,5584.234,1548.6429999999998
2019-07-19,3062.765,1009.732,5625.468000000001,1560.274
2019-07-22,3023.748,979.26,5589.924,1532.43
2019-07-23,3037.366,989.186,5637.554,1545.875
2019-07-24,3061.8320000000003,1000.185,5706.887,1562.9720000000002
2019-07-25,3076.6490000000003,1002.832,5777.491,1572.7979999999998
2019-07-26,3084.19,1005.681,5795.017,1573.454
2019-07-29,3080.494,1004.221,5801.965,1574.945
2019-07-30,3092.385,1007.9810000000001,5818.443,1582.066
2019-07-31,3071.7329999999997,999.8639999999999,5794.710999999999,1571.299
2019-08-01,3046.9109999999996,993.727,5767.17,1563.0629999999999
2019-08-02,3004.02,979.92,5669.615,1539.8629999999998
2019-08-05,2955.659,968.003,5556.526999999999,1517.266
2019-08-06,2909.615,944.2710000000001,5490.616999999999,1490.3029999999999
2019-08-07,2900.2859999999996,942.3330000000001,5463.374,1483.9460000000001
2019-08-08,2927.38,947.3430000000001,5521.224,1498.9520000000002
2019-08-09,2906.676,937.133,5455.936,1479.8570000000002
2019-08-12,2948.8579999999997,951.165,5592.194,1508.994
2019-08-13,2930.317,947.3560000000001,5531.334,1498.6329999999998
2019-08-14,2942.534,953.444,5571.269,1509.0020000000002
2019-08-15,2949.812,955.7189999999999,5626.104,1517.068
2019-08-16,2958.191,961.1569999999999,5673.090999999999,1525.479
2019-08-19,3020.289,986.75,5840.812,1571.969
2019-08-20,3017.077,987.551,5834.643,1574.116
2019-08-21,3017.4159999999997,989.325,5828.911999999999,1572.621
2019-08-22,3020.691,991.6460000000001,5849.573,1578.912
2019-08-23,3035.3759999999997,992.133,5865.105,1578.6970000000001
2019-08-26,2999.9159999999997,984.97,5807.52,1566.5720000000001
2019-08-27,3040.423,1002.513,5933.236,1595.819
2019-08-28,3031.586,999.775,5916.33,1593.8220000000001
2019-08-29,3028.599,999.155,5916.03,1591.0839999999998
2019-08-30,3023.711,988.2819999999999,5883.09,1579.251
2019-09-02,3063.3759999999997,1009.8610000000001,5998.499,1614.922
2019-09-03,3069.703,1015.927,6078.758000000001,1625.557
2019-09-04,3098.3140000000003,1022.416,6104.134,1636.404
2019-09-05,3128.087,1028.896,6156.809,1651.629
2019-09-06,3142.493,1032.849,6177.703,1657.499
2019-09-09,3168.782,1054.4569999999999,6299.58,1689.2079999999999
2019-09-10,3165.079,1056.639,6274.311,1687.3139999999999
2019-09-11,3152.052,1048.469,6198.719,1671.537
2019-09-12,3175.618,1053.992,6238.588000000001,1681.23
2019-09-16,3175.097,1056.634,6255.618,1685.0929999999998
2019-09-17,3119.948,1032.779,6131.378000000001,1651.354
2019-09-18,3127.841,1039.1,6164.057,1655.6070000000002
2019-09-19,3142.1240000000003,1050.965,6226.2519999999995,1672.629
2019-09-20,3149.6240000000003,1055.1589999999999,6253.91,1675.346
2019-09-23,3118.785,1048.902,6205.468000000001,1660.0610000000001
2019-09-24,3127.445,1051.103,6221.036,1665.559
2019-09-25,3096.078,1032.597,6110.025,1638.771
2019-09-26,3068.495,1007.153,5989.681,1597.7179999999998
2019-09-27,3071.695,1011.8389999999999,6077.234,1612.2579999999998
2019-09-30,3043.353,1004.293,5997.804,1595.205
2019-10-08,3052.1859999999997,1005.3610000000001,5984.255,1598.642
2019-10-09,3064.0690000000004,1012.237,5999.526999999999,1609.104
2019-10-10,3088.0820000000003,1025.519,6101.075,1631.84
2019-10-11,3115.308,1025.328,6104.156,1636.965
2019-10-14,3151.198,1039.098,6192.939,1660.3339999999998
2019-10-15,3133.5490000000004,1027.563,6084.338000000001,1641.9479999999999
2019-10-16,3120.59,1023.235,6082.179,1635.65
2019-10-17,3119.2290000000003,1020.945,6117.309,1635.92
2019-10-18,3078.163,1008.7260000000001,6044.63,1616.719
2019-10-21,3079.72,1003.2539999999999,6065.05,1614.872
2019-10-22,3095.165,1015.377,6127.985,1631.215
2019-10-23,3081.801,1009.705,6074.939,1618.4
2019-10-24,3081.0570000000002,1008.7639999999999,6075.459,1616.3329999999999
2019-10-25,3095.805,1016.67,6163.93,1632.402
2019-10-28,3122.12,1033.147,6270.068,1658.241
2019-10-29,3095.0229999999997,1021.565,6230.927,1642.682
2019-10-30,3079.454,1009.1139999999999,6199.974,1628.616
2019-10-31,3068.717,998.495,6149.599,1616.19
2019-11-01,3099.283,1007.895,6217.911,1637.003
2019-11-04,3117.395,1013.171,6268.691,1646.7
2019-11-05,3134.245,1013.426,6328.7080000000005,1655.605
2019-11-06,3120.671,1003.573,6277.116999999999,1641.2279999999998
2019-11-07,3120.761,1009.562,6309.054,1651.773
2019-11-08,3105.5209999999997,1008.2139999999999,6309.009,1648.6789999999999
2019-11-11,3048.696,984.466,6206.763000000001,1611.445
2019-11-12,3053.797,985.9069999999999,6203.058000000001,1614.1879999999999
2019-11-13,3043.761,986.362,6221.323,1614.295
2019-11-14,3048.635,991.5239999999999,6265.666,1624.126
2019-11-15,3029.263,978.69,6197.525,1605.7020000000002
2019-11-18,3048.027,983.5310000000001,6241.418000000001,1617.1889999999999
2019-11-19,3074.005,997.9830000000001,6367.11,1646.8010000000002
2019-11-20,3049.942,990.9780000000001,6303.269,1635.158
2019-11-21,3042.1809999999996,986.015,6292.77,1631.2379999999998
2019-11-22,3022.97,973.975,6175.566999999999,1607.515
2019-11-25,3044.857,968.268,6117.387,1600.453
2019-11-26,3046.026,968.995,6154.779,1605.642
2019-11-27,3041.9159999999997,968.618,6151.268,1602.004
2019-11-28,3027.798,966.43,6114.963000000001,1597.848
2019-11-29,3009.4320000000002,965.085,6096.477,1593.104
2019-12-02,3013.4790000000003,967.4760000000001,6107.518,1596.599
2019-12-03,3022.7670000000003,973.956,6123.144,1605.329
2019-12-04,3015.882,976.19,6132.984,1608.517
2019-12-05,3038.191,986.883,6232.743,1626.9660000000001
2019-12-06,3051.313,994.082,6289.46,1640.3270000000002
2019-12-09,3053.865,994.363,6249.638000000001,1640.51
2019-12-10,3056.848,998.09,6275.669,1646.818
2019-12-11,3064.32,997.8910000000001,6242.07,1639.497
2019-12-12,3055.203,998.676,6225.130999999999,1636.3339999999998
2019-12-13,3109.702,1010.21,6339.257,1660.5539999999999
2019-12-16,3127.223,1025.265,6452.130999999999,1686.4129999999998
2019-12-17,3166.9959999999996,1036.261,6546.446,1708.783
2019-12-18,3161.366,1038.3110000000001,6553.115,1709.441
2019-12-19,3161.365,1042.0339999999999,6528.503000000001,1713.0339999999999
2019-12-20,3148.5879999999997,1035.065,6495.229,1700.2939999999999
2019-12-23,3104.3540000000003,1011.687,6381.133000000001,1667.711
2019-12-24,3125.263,1027.279,6470.891,1690.735
2019-12-25,3124.4040000000005,1034.557,6504.835,1697.2079999999999
2019-12-26,3151.131,1043.205,6543.298000000001,1709.45
2019-12-27,3148.698,1036.516,6500.485,1697.914
2019-12-30,3185.382,1045.914,6570.221,1713.507
2019-12-31,3195.9770000000003,1052.509,6632.684,1722.945
